#
# There is insufficient memory for the Java Runtime Environment to continue.
# Native memory allocation (mmap) failed to map 556793856 bytes for G1 virtual space
# Possible reasons:
#   The system is out of physical RAM or swap space
#   The process is running with CompressedOops enabled, and the Java Heap may be blocking the growth of the native heap
# Possible solutions:
#   Reduce memory load on the system
#   Increase physical memory or swap space
#   Check if swap backing store is full
#   Decrease Java heap size (-Xmx/-Xms)
#   Decrease number of Java threads
#   Decrease Java thread stack sizes (-Xss)
#   Set larger code cache with -XX:ReservedCodeCacheSize=
#   JVM is running with Unscaled Compressed Oops mode in which the Java heap is
#     placed in the first 4GB address space. The Java Heap base address is the
#     maximum limit for the native heap growth. Please use -XX:HeapBaseMinAddress
#     to set the Java Heap base and to place the Java Heap above 4GB virtual address.
# This output file may be truncated or incomplete.
#
#  Out of Memory Error (os_windows.cpp:3536), pid=5260, tid=8556
#
# JRE version: Java(TM) SE Runtime Environment (19.0.2+7) (build 19.0.2+7-44)
# Java VM: Java HotSpot(TM) 64-Bit Server VM (19.0.2+7-44, mixed mode, sharing, tiered, compressed oops, compressed class ptrs, g1 gc, windows-amd64)
# No core dump will be written. Minidumps are not enabled by default on client versions of Windows
#

---------------  S U M M A R Y ------------

Command Line: -XX:MaxMetaspaceSize=512m --add-opens=java.base/java.util=ALL-UNNAMED --add-opens=java.base/java.lang=ALL-UNNAMED --add-opens=java.base/java.lang.invoke=ALL-UNNAMED --add-opens=java.prefs/java.util.prefs=ALL-UNNAMED --add-exports=jdk.compiler/com.sun.tools.javac.api=ALL-UNNAMED --add-exports=jdk.compiler/com.sun.tools.javac.util=ALL-UNNAMED --add-opens=java.base/java.nio.charset=ALL-UNNAMED --add-opens=java.base/java.net=ALL-UNNAMED --add-opens=java.base/java.util.concurrent.atomic=ALL-UNNAMED -Xmx2048m -Dfile.encoding=UTF-8 -Duser.country=IN -Duser.language=en -Duser.variant -javaagent:C:\Users\patil\.gradle\wrapper\dists\gradle-8.10.2-all\7iv73wktx1xtkvlq19urqw1wm\gradle-8.10.2\lib\agents\gradle-instrumentation-agent-8.10.2.jar org.gradle.launcher.daemon.bootstrap.GradleDaemon 8.10.2

Host: AMD Ryzen 5 5600H with Radeon Graphics         , 12 cores, 7G,  Windows 11 , 64 bit Build 22621 (10.0.22621.4830)
Time: Mon Mar  3 19:45:10 2025 India Standard Time elapsed time: 8839.904861 seconds (0d 2h 27m 19s)

---------------  T H R E A D  ---------------

Current thread (0x0000022873d9ff70):  VMThread "VM Thread" [stack: 0x0000006e5b800000,0x0000006e5b900000] [id=8556]

Stack: [0x0000006e5b800000,0x0000006e5b900000]
Native frames: (J=compiled Java code, j=interpreted, Vv=VM code, C=native code)
V  [jvm.dll+0x6ee21a]
V  [jvm.dll+0x85765e]
V  [jvm.dll+0x85904e]
V  [jvm.dll+0x859703]
V  [jvm.dll+0x28298f]
V  [jvm.dll+0x6eb009]
V  [jvm.dll+0x6dfbaa]
V  [jvm.dll+0x3573f6]
V  [jvm.dll+0x35ee56]
V  [jvm.dll+0x3b541e]
V  [jvm.dll+0x3b564f]
V  [jvm.dll+0x32c9ea]
V  [jvm.dll+0x32ca97]
V  [jvm.dll+0x374cd2]
V  [jvm.dll+0x37340f]
V  [jvm.dll+0x32c210]
V  [jvm.dll+0x372ccd]
V  [jvm.dll+0x85ebc3]
V  [jvm.dll+0x85f989]
V  [jvm.dll+0x85febd]
V  [jvm.dll+0x86034b]
V  [jvm.dll+0x860407]
V  [jvm.dll+0x80125a]
V  [jvm.dll+0x6ecf0b]
C  [ucrtbase.dll+0x29333]
C  [KERNEL32.DLL+0x1259d]
C  [ntdll.dll+0x5af38]

VM_Operation (0x0000006e5d3fcae8): G1TryInitiateConcMark, mode: safepoint, requested by thread 0x0000022878c11b90


---------------  P R O C E S S  ---------------

Threads class SMR info:
_java_thread_list=0x000002287bab43a0, length=186, elements={
0x00000228550a8bf0, 0x0000022873db9ec0, 0x0000022873dbabb0, 0x0000022873dbc6f0,
0x0000022873dbf4b0, 0x0000022873dc1df0, 0x0000022873dc4730, 0x0000022873dc5390,
0x0000022873dd5630, 0x0000022873dde770, 0x00000228780cfc40, 0x0000022878242470,
0x0000022878ee58b0, 0x0000022879956820, 0x0000022879a143f0, 0x0000022879d0cf70,
0x0000022879d0e4b0, 0x0000022879d0d4c0, 0x0000022879d0ea00, 0x0000022879d0ef50,
0x000002287b289d40, 0x000002287b288d50, 0x000002287e92b820, 0x0000022878c14610,
0x0000022878c13b70, 0x000002287c662f40, 0x000002287b0bc0a0, 0x000002287b0ba0c0,
0x000002287b0b9620, 0x000002287b0c0060, 0x000002287a99a0d0, 0x000002287a9a05c0,
0x000002287a99fb20, 0x000002287a9a0b10, 0x000002287a99ab70, 0x000002287a99b0c0,
0x000002287a99d0a0, 0x000002287c8645b0, 0x000002287c866040, 0x000002287a9a5020,
0x0000022878c160a0, 0x0000022878c165f0, 0x0000022878c150b0, 0x0000022878c10100,
0x0000022878c11b90, 0x0000022878c110f0, 0x0000022878c15600, 0x0000022878c10650,
0x0000022878c11640, 0x0000022878c16b40, 0x00000228086c3070, 0x00000228086c4b00,
0x00000228086c3b10, 0x00000228086c5050, 0x00000228086c5af0, 0x00000228086c6ae0,
0x00000228086c7030, 0x00000228086c25d0, 0x00000228086c7ad0, 0x00000228086ca550,
0x00000228086c2b20, 0x00000228086cfa50, 0x00000228086d0f90, 0x00000228086d0a40,
0x00000228086caaa0, 0x00000228086cf500, 0x00000228086caff0, 0x00000228086cb540,
0x00000228086cba90, 0x00000228086cbfe0, 0x00000228086cd520, 0x00000228086cc530,
0x00000228086cca80, 0x00000228086ccfd0, 0x00000228086cda70, 0x00000228086cdfc0,
0x00000228086cefb0, 0x000002287c867580, 0x000002287c868020, 0x000002287c863b10,
0x000002287c869560, 0x000002287c867ad0, 0x000002287c868570, 0x000002287c8635c0,
0x000002287c864b00, 0x000002287c868ac0, 0x000002287c866ae0, 0x000002287c86dfc0,
0x000002287c86e510, 0x000002287c867030, 0x000002287c86ffa0, 0x000002287c86b540,
0x000002287c86ba90, 0x000002287b0d8d50, 0x000002287b0d3da0, 0x000002287b0d7810,
0x000002287b0d4d90, 0x000002287b0d6820, 0x000002287b0d1dc0, 0x000002287b0d2310,
0x000002287b0d6d70, 0x000002287b0d2860, 0x000002287b0d2db0, 0x000002287b0d3300,
0x000002287b0d3850, 0x000002287b0d72c0, 0x000002287b0d42f0, 0x000002287b0d62d0,
0x000002287b0d52e0, 0x000002287b0d7d60, 0x000002287b0d5830, 0x000002287b0d5d80,
0x000002287b0d82b0, 0x000002287b0d8800, 0x000002287b0d1320, 0x000002287b0d1870,
0x000002287b78bf10, 0x000002287b789490, 0x000002287b78cf00, 0x000002287b7889f0,
0x000002287b78d450, 0x000002287b78af20, 0x000002287b78c9b0, 0x000002287b7874b0,
0x000002287b78d9a0, 0x000002287b789f30, 0x000002287b785f70, 0x000002287b78a480,
0x000002287b7864c0, 0x000002287b78a9d0, 0x000002287b788f40, 0x000002287b78b470,
0x000002287b786a10, 0x000002287b786f60, 0x000002287b787a00, 0x000002287b78b9c0,
0x000002287b787f50, 0x000002287b78c460, 0x000002287c6614b0, 0x000002287c6639e0,
0x000002287c6629f0, 0x000002287c663490, 0x000002287c663f30, 0x000002287c660a10,
0x000002287c660f60, 0x000002287c6649d0, 0x000002287c664480, 0x000002287c661f50,
0x000002287c6659c0, 0x000002287c665470, 0x000002287c65ea30, 0x000002287c665f10,
0x000002287c65ef80, 0x000002287c65f4d0, 0x000002287c65fa20, 0x000002287c661a00,
0x000002287c65ff70, 0x000002287c6604c0, 0x000002287e929840, 0x000002287e92b2d0,
0x000002287e929d90, 0x000002287e92d800, 0x000002287e926dc0, 0x000002287e92bd70,
0x000002287e925dd0, 0x000002287e926320, 0x000002287e92a2e0, 0x000002287e926870,
0x000002287e92c2c0, 0x000002287e92c810, 0x000002287e927310, 0x000002287e92a830,
0x000002287e92ad80, 0x000002287e927860, 0x000002287e928300, 0x000002287b0c0b00,
0x000002287b0bb0b0, 0x000002287b0bc5f0, 0x000002287b0bcb40, 0x000002287b0bd090,
0x000002287b0bf070, 0x000002287b2897f0, 0x000002287b28b7d0, 0x000002287b2872c0,
0x000002287b28ad30, 0x000002287a176110
}

Java Threads: ( => current thread )
  0x00000228550a8bf0 JavaThread "main" [_thread_blocked, id=5088, stack(0x0000006e5b200000,0x0000006e5b300000)]
  0x0000022873db9ec0 JavaThread "Reference Handler" daemon [_thread_blocked, id=16148, stack(0x0000006e5b900000,0x0000006e5ba00000)]
  0x0000022873dbabb0 JavaThread "Finalizer" daemon [_thread_blocked, id=16144, stack(0x0000006e5ba00000,0x0000006e5bb00000)]
  0x0000022873dbc6f0 JavaThread "Signal Dispatcher" daemon [_thread_blocked, id=3244, stack(0x0000006e5bb00000,0x0000006e5bc00000)]
  0x0000022873dbf4b0 JavaThread "Attach Listener" daemon [_thread_blocked, id=15444, stack(0x0000006e5bc00000,0x0000006e5bd00000)]
  0x0000022873dc1df0 JavaThread "Service Thread" daemon [_thread_blocked, id=6176, stack(0x0000006e5bd00000,0x0000006e5be00000)]
  0x0000022873dc4730 JavaThread "Monitor Deflation Thread" daemon [_thread_blocked, id=11856, stack(0x0000006e5be00000,0x0000006e5bf00000)]
  0x0000022873dc5390 JavaThread "C2 CompilerThread0" daemon [_thread_blocked, id=15564, stack(0x0000006e5bf00000,0x0000006e5c000000)]
  0x0000022873dd5630 JavaThread "C1 CompilerThread0" daemon [_thread_blocked, id=14948, stack(0x0000006e5c000000,0x0000006e5c100000)]
  0x0000022873dde770 JavaThread "Sweeper thread" daemon [_thread_blocked, id=10372, stack(0x0000006e5c100000,0x0000006e5c200000)]
  0x00000228780cfc40 JavaThread "Common-Cleaner" daemon [_thread_blocked, id=8664, stack(0x0000006e5c200000,0x0000006e5c300000)]
  0x0000022878242470 JavaThread "Notification Thread" daemon [_thread_blocked, id=9564, stack(0x0000006e5c300000,0x0000006e5c400000)]
  0x0000022878ee58b0 JavaThread "Daemon health stats" [_thread_blocked, id=7472, stack(0x0000006e5ce00000,0x0000006e5cf00000)]
  0x0000022879956820 JavaThread "Incoming local TCP Connector on port 49693" [_thread_in_native, id=5340, stack(0x0000006e5cf00000,0x0000006e5d000000)]
  0x0000022879a143f0 JavaThread "Daemon periodic checks" [_thread_blocked, id=11956, stack(0x0000006e5d000000,0x0000006e5d100000)]
  0x0000022879d0cf70 JavaThread "Cache worker for journal cache (C:\Users\patil\.gradle\caches\journal-1)" [_thread_blocked, id=16336, stack(0x0000006e5d800000,0x0000006e5d900000)]
  0x0000022879d0e4b0 JavaThread "File lock request listener" [_thread_in_native, id=2412, stack(0x0000006e5d900000,0x0000006e5da00000)]
  0x0000022879d0d4c0 JavaThread "Cache worker for file hash cache (C:\Users\patil\.gradle\caches\8.10.2\fileHashes)" [_thread_blocked, id=5976, stack(0x0000006e5da00000,0x0000006e5db00000)]
  0x0000022879d0ea00 JavaThread "File watcher server" daemon [_thread_blocked, id=9248, stack(0x0000006e5e100000,0x0000006e5e200000)]
  0x0000022879d0ef50 JavaThread "File watcher consumer" daemon [_thread_blocked, id=11296, stack(0x0000006e5e200000,0x0000006e5e300000)]
  0x000002287b289d40 JavaThread "Cache worker for file content cache (C:\Users\patil\.gradle\caches\8.10.2\fileContent)" [_thread_blocked, id=5144, stack(0x0000006e5e400000,0x0000006e5e500000)]
  0x000002287b288d50 JavaThread "jar transforms" [_thread_blocked, id=5532, stack(0x0000006e5e700000,0x0000006e5e800000)]
  0x000002287e92b820 JavaThread "Memory manager" [_thread_blocked, id=10168, stack(0x0000006e5c900000,0x0000006e5ca00000)]
  0x0000022878c14610 JavaThread "RMI Scheduler(0)" daemon [_thread_blocked, id=4132, stack(0x0000006e5db00000,0x0000006e5dc00000)]
  0x0000022878c13b70 JavaThread "RMI TCP Accept-0" daemon [_thread_in_native, id=1940, stack(0x0000006e64900000,0x0000006e64a00000)]
  0x000002287c662f40 JavaThread "jar transforms Thread 2" [_thread_blocked, id=4752, stack(0x0000006e67b00000,0x0000006e67c00000)]
  0x000002287b0bc0a0 JavaThread "jar transforms Thread 3" [_thread_blocked, id=16644, stack(0x0000006e65900000,0x0000006e65a00000)]
  0x000002287b0ba0c0 JavaThread "jar transforms Thread 4" [_thread_blocked, id=14536, stack(0x0000006e68b00000,0x0000006e68c00000)]
  0x000002287b0b9620 JavaThread "jar transforms Thread 5" [_thread_blocked, id=14700, stack(0x0000006e68c00000,0x0000006e68d00000)]
  0x000002287b0c0060 JavaThread "jar transforms Thread 6" [_thread_blocked, id=16404, stack(0x0000006e68700000,0x0000006e68800000)]
  0x000002287a99a0d0 JavaThread "jar transforms Thread 7" [_thread_blocked, id=17124, stack(0x0000006e68d00000,0x0000006e68e00000)]
  0x000002287a9a05c0 JavaThread "jar transforms Thread 8" [_thread_blocked, id=17148, stack(0x0000006e69000000,0x0000006e69100000)]
  0x000002287a99fb20 JavaThread "jar transforms Thread 9" [_thread_blocked, id=16860, stack(0x0000006e68f00000,0x0000006e69000000)]
  0x000002287a9a0b10 JavaThread "jar transforms Thread 10" [_thread_blocked, id=16692, stack(0x0000006e69100000,0x0000006e69200000)]
  0x000002287a99ab70 JavaThread "jar transforms Thread 11" [_thread_blocked, id=16684, stack(0x0000006e69200000,0x0000006e69300000)]
  0x000002287a99b0c0 JavaThread "jar transforms Thread 12" [_thread_blocked, id=17296, stack(0x0000006e69300000,0x0000006e69400000)]
  0x000002287a99d0a0 JavaThread "pool-3-thread-1" [_thread_blocked, id=13932, stack(0x0000006e69400000,0x0000006e69500000)]
  0x000002287c8645b0 JavaThread "RMI TCP Accept-0" daemon [_thread_in_native, id=17616, stack(0x0000006e6a100000,0x0000006e6a200000)]
  0x000002287c866040 JavaThread "Cache worker for Java compile cache (C:\Users\patil\.gradle\caches\8.10.2\javaCompile)" [_thread_blocked, id=17624, stack(0x0000006e5b000000,0x0000006e5b100000)]
  0x000002287a9a5020 JavaThread "pool-7-thread-1" [_thread_blocked, id=19612, stack(0x0000006e68100000,0x0000006e68200000)]
  0x0000022878c160a0 JavaThread "pool-10-thread-1" [_thread_blocked, id=18832, stack(0x0000006e64800000,0x0000006e64900000)]
  0x0000022878c165f0 JavaThread "Daemon Thread 4" [_thread_blocked, id=19972, stack(0x0000006e5af00000,0x0000006e5b000000)]
  0x0000022878c150b0 JavaThread "Handler for socket connection from /127.0.0.1:49693 to /127.0.0.1:51545" [_thread_in_native, id=19552, stack(0x0000006e5d100000,0x0000006e5d200000)]
  0x0000022878c10100 JavaThread "Cancel handler" [_thread_blocked, id=16820, stack(0x0000006e5d200000,0x0000006e5d300000)]
  0x0000022878c11b90 JavaThread "Daemon worker Thread 4" [_thread_blocked, id=1444, stack(0x0000006e5d300000,0x0000006e5d400000)]
  0x0000022878c110f0 JavaThread "Asynchronous log dispatcher for DefaultDaemonConnection: socket connection from /127.0.0.1:49693 to /127.0.0.1:51545" [_thread_blocked, id=19088, stack(0x0000006e5d400000,0x0000006e5d500000)]
  0x0000022878c15600 JavaThread "Stdin handler" [_thread_blocked, id=18588, stack(0x0000006e5d500000,0x0000006e5d600000)]
  0x0000022878c10650 JavaThread "Daemon client event forwarder" [_thread_blocked, id=20696, stack(0x0000006e5d600000,0x0000006e5d700000)]
  0x0000022878c11640 JavaThread "Cache worker for file hash cache (C:\Users\patil\OneDrive\Desktop\Latest-Project\update\Lead\android\.gradle\8.10.2\fileHashes)" [_thread_blocked, id=14684, stack(0x0000006e5d700000,0x0000006e5d800000)]
  0x0000022878c16b40 JavaThread "Cache worker for checksums cache (C:\Users\patil\OneDrive\Desktop\Latest-Project\update\Lead\android\.gradle\8.10.2\checksums)" [_thread_blocked, id=21064, stack(0x0000006e5e000000,0x0000006e5e100000)]
  0x00000228086c3070 JavaThread "Unconstrained build operations" [_thread_blocked, id=9520, stack(0x0000006e5e800000,0x0000006e5e900000)]
  0x00000228086c4b00 JavaThread "Unconstrained build operations Thread 2" [_thread_blocked, id=18584, stack(0x0000006e5e900000,0x0000006e5ea00000)]
  0x00000228086c3b10 JavaThread "Unconstrained build operations Thread 3" [_thread_blocked, id=1908, stack(0x0000006e5ea00000,0x0000006e5eb00000)]
  0x00000228086c5050 JavaThread "Unconstrained build operations Thread 4" [_thread_blocked, id=14756, stack(0x0000006e5eb00000,0x0000006e5ec00000)]
  0x00000228086c5af0 JavaThread "Unconstrained build operations Thread 5" [_thread_blocked, id=3340, stack(0x0000006e5ec00000,0x0000006e5ed00000)]
  0x00000228086c6ae0 JavaThread "Unconstrained build operations Thread 6" [_thread_blocked, id=1640, stack(0x0000006e5ed00000,0x0000006e5ee00000)]
  0x00000228086c7030 JavaThread "Unconstrained build operations Thread 7" [_thread_blocked, id=16056, stack(0x0000006e5ee00000,0x0000006e5ef00000)]
  0x00000228086c25d0 JavaThread "Unconstrained build operations Thread 8" [_thread_blocked, id=20788, stack(0x0000006e5ef00000,0x0000006e5f000000)]
  0x00000228086c7ad0 JavaThread "Unconstrained build operations Thread 9" [_thread_blocked, id=19856, stack(0x0000006e5f000000,0x0000006e5f100000)]
  0x00000228086ca550 JavaThread "Unconstrained build operations Thread 10" [_thread_blocked, id=11232, stack(0x0000006e5f100000,0x0000006e5f200000)]
  0x00000228086c2b20 JavaThread "Unconstrained build operations Thread 11" [_thread_blocked, id=20104, stack(0x0000006e5f200000,0x0000006e5f300000)]
  0x00000228086cfa50 JavaThread "Unconstrained build operations Thread 12" [_thread_blocked, id=3152, stack(0x0000006e5f300000,0x0000006e5f400000)]
  0x00000228086d0f90 JavaThread "Unconstrained build operations Thread 13" [_thread_blocked, id=15976, stack(0x0000006e5f400000,0x0000006e5f500000)]
  0x00000228086d0a40 JavaThread "Unconstrained build operations Thread 14" [_thread_blocked, id=10328, stack(0x0000006e5f500000,0x0000006e5f600000)]
  0x00000228086caaa0 JavaThread "Unconstrained build operations Thread 15" [_thread_blocked, id=2236, stack(0x0000006e5f600000,0x0000006e5f700000)]
  0x00000228086cf500 JavaThread "Unconstrained build operations Thread 16" [_thread_blocked, id=21300, stack(0x0000006e5f700000,0x0000006e5f800000)]
  0x00000228086caff0 JavaThread "Unconstrained build operations Thread 17" [_thread_blocked, id=7372, stack(0x0000006e5f800000,0x0000006e5f900000)]
  0x00000228086cb540 JavaThread "Unconstrained build operations Thread 18" [_thread_blocked, id=18620, stack(0x0000006e5f900000,0x0000006e5fa00000)]
  0x00000228086cba90 JavaThread "Unconstrained build operations Thread 19" [_thread_blocked, id=15904, stack(0x0000006e5fa00000,0x0000006e5fb00000)]
  0x00000228086cbfe0 JavaThread "Unconstrained build operations Thread 20" [_thread_blocked, id=10044, stack(0x0000006e5fb00000,0x0000006e5fc00000)]
  0x00000228086cd520 JavaThread "Unconstrained build operations Thread 21" [_thread_blocked, id=3116, stack(0x0000006e5fc00000,0x0000006e5fd00000)]
  0x00000228086cc530 JavaThread "Unconstrained build operations Thread 22" [_thread_blocked, id=7440, stack(0x0000006e5fd00000,0x0000006e5fe00000)]
  0x00000228086cca80 JavaThread "Unconstrained build operations Thread 23" [_thread_blocked, id=17280, stack(0x0000006e5fe00000,0x0000006e5ff00000)]
  0x00000228086ccfd0 JavaThread "Unconstrained build operations Thread 24" [_thread_blocked, id=9764, stack(0x0000006e5ff00000,0x0000006e60000000)]
  0x00000228086cda70 JavaThread "Unconstrained build operations Thread 25" [_thread_blocked, id=624, stack(0x0000006e60000000,0x0000006e60100000)]
  0x00000228086cdfc0 JavaThread "Unconstrained build operations Thread 26" [_thread_blocked, id=17928, stack(0x0000006e60100000,0x0000006e60200000)]
  0x00000228086cefb0 JavaThread "ForkJoinPool.commonPool-worker-36" daemon [_thread_blocked, id=17740, stack(0x0000006e60300000,0x0000006e60400000)]
  0x000002287c867580 JavaThread "ForkJoinPool.commonPool-worker-37" daemon [_thread_blocked, id=16960, stack(0x0000006e60400000,0x0000006e60500000)]
  0x000002287c868020 JavaThread "ForkJoinPool.commonPool-worker-38" daemon [_thread_blocked, id=19924, stack(0x0000006e60500000,0x0000006e60600000)]
  0x000002287c863b10 JavaThread "ForkJoinPool.commonPool-worker-39" daemon [_thread_blocked, id=19080, stack(0x0000006e60600000,0x0000006e60700000)]
  0x000002287c869560 JavaThread "ForkJoinPool.commonPool-worker-40" daemon [_thread_blocked, id=6040, stack(0x0000006e60700000,0x0000006e60800000)]
  0x000002287c867ad0 JavaThread "ForkJoinPool.commonPool-worker-41" daemon [_thread_blocked, id=16560, stack(0x0000006e60800000,0x0000006e60900000)]
  0x000002287c868570 JavaThread "ForkJoinPool.commonPool-worker-42" daemon [_thread_blocked, id=11808, stack(0x0000006e60900000,0x0000006e60a00000)]
  0x000002287c8635c0 JavaThread "ForkJoinPool.commonPool-worker-43" daemon [_thread_blocked, id=4168, stack(0x0000006e60a00000,0x0000006e60b00000)]
  0x000002287c864b00 JavaThread "ForkJoinPool.commonPool-worker-44" daemon [_thread_blocked, id=18500, stack(0x0000006e60b00000,0x0000006e60c00000)]
  0x000002287c868ac0 JavaThread "included builds" [_thread_blocked, id=2980, stack(0x0000006e60c00000,0x0000006e60d00000)]
  0x000002287c866ae0 JavaThread "Unconstrained build operations Thread 27" [_thread_blocked, id=19704, stack(0x0000006e61900000,0x0000006e61a00000)]
  0x000002287c86dfc0 JavaThread "Unconstrained build operations Thread 28" [_thread_blocked, id=20256, stack(0x0000006e61a00000,0x0000006e61b00000)]
  0x000002287c86e510 JavaThread "Unconstrained build operations Thread 29" [_thread_blocked, id=20824, stack(0x0000006e61b00000,0x0000006e61c00000)]
  0x000002287c867030 JavaThread "Unconstrained build operations Thread 30" [_thread_blocked, id=18732, stack(0x0000006e61c00000,0x0000006e61d00000)]
  0x000002287c86ffa0 JavaThread "Unconstrained build operations Thread 31" [_thread_blocked, id=19912, stack(0x0000006e61d00000,0x0000006e61e00000)]
  0x000002287c86b540 JavaThread "Unconstrained build operations Thread 32" [_thread_blocked, id=4560, stack(0x0000006e61e00000,0x0000006e61f00000)]
  0x000002287c86ba90 JavaThread "Unconstrained build operations Thread 33" [_thread_blocked, id=19608, stack(0x0000006e61f00000,0x0000006e62000000)]
  0x000002287b0d8d50 JavaThread "Unconstrained build operations Thread 34" [_thread_blocked, id=10364, stack(0x0000006e62000000,0x0000006e62100000)]
  0x000002287b0d3da0 JavaThread "Unconstrained build operations Thread 35" [_thread_blocked, id=6884, stack(0x0000006e62100000,0x0000006e62200000)]
  0x000002287b0d7810 JavaThread "Unconstrained build operations Thread 36" [_thread_blocked, id=20588, stack(0x0000006e62200000,0x0000006e62300000)]
  0x000002287b0d4d90 JavaThread "Unconstrained build operations Thread 37" [_thread_blocked, id=11408, stack(0x0000006e62300000,0x0000006e62400000)]
  0x000002287b0d6820 JavaThread "Unconstrained build operations Thread 38" [_thread_blocked, id=11688, stack(0x0000006e62400000,0x0000006e62500000)]
  0x000002287b0d1dc0 JavaThread "Unconstrained build operations Thread 39" [_thread_blocked, id=11420, stack(0x0000006e62500000,0x0000006e62600000)]
  0x000002287b0d2310 JavaThread "Unconstrained build operations Thread 40" [_thread_blocked, id=20784, stack(0x0000006e62600000,0x0000006e62700000)]
  0x000002287b0d6d70 JavaThread "Unconstrained build operations Thread 41" [_thread_blocked, id=21408, stack(0x0000006e62700000,0x0000006e62800000)]
  0x000002287b0d2860 JavaThread "Unconstrained build operations Thread 42" [_thread_blocked, id=19672, stack(0x0000006e62800000,0x0000006e62900000)]
  0x000002287b0d2db0 JavaThread "Unconstrained build operations Thread 43" [_thread_blocked, id=18736, stack(0x0000006e62900000,0x0000006e62a00000)]
  0x000002287b0d3300 JavaThread "Unconstrained build operations Thread 44" [_thread_blocked, id=17056, stack(0x0000006e62a00000,0x0000006e62b00000)]
  0x000002287b0d3850 JavaThread "Unconstrained build operations Thread 45" [_thread_blocked, id=19984, stack(0x0000006e62b00000,0x0000006e62c00000)]
  0x000002287b0d72c0 JavaThread "Unconstrained build operations Thread 46" [_thread_blocked, id=7452, stack(0x0000006e62c00000,0x0000006e62d00000)]
  0x000002287b0d42f0 JavaThread "Unconstrained build operations Thread 47" [_thread_blocked, id=17500, stack(0x0000006e62d00000,0x0000006e62e00000)]
  0x000002287b0d62d0 JavaThread "Unconstrained build operations Thread 48" [_thread_blocked, id=10692, stack(0x0000006e62e00000,0x0000006e62f00000)]
  0x000002287b0d52e0 JavaThread "Unconstrained build operations Thread 49" [_thread_blocked, id=14780, stack(0x0000006e62f00000,0x0000006e63000000)]
  0x000002287b0d7d60 JavaThread "Unconstrained build operations Thread 50" [_thread_blocked, id=20356, stack(0x0000006e63000000,0x0000006e63100000)]
  0x000002287b0d5830 JavaThread "Unconstrained build operations Thread 51" [_thread_blocked, id=7984, stack(0x0000006e63100000,0x0000006e63200000)]
  0x000002287b0d5d80 JavaThread "Unconstrained build operations Thread 52" [_thread_blocked, id=20948, stack(0x0000006e63200000,0x0000006e63300000)]
  0x000002287b0d82b0 JavaThread "Unconstrained build operations Thread 53" [_thread_blocked, id=14796, stack(0x0000006e63300000,0x0000006e63400000)]
  0x000002287b0d8800 JavaThread "Unconstrained build operations Thread 54" [_thread_blocked, id=16768, stack(0x0000006e63400000,0x0000006e63500000)]
  0x000002287b0d1320 JavaThread "Unconstrained build operations Thread 55" [_thread_blocked, id=17480, stack(0x0000006e63500000,0x0000006e63600000)]
  0x000002287b0d1870 JavaThread "Unconstrained build operations Thread 56" [_thread_blocked, id=7564, stack(0x0000006e63600000,0x0000006e63700000)]
  0x000002287b78bf10 JavaThread "Unconstrained build operations Thread 57" [_thread_blocked, id=16888, stack(0x0000006e63700000,0x0000006e63800000)]
  0x000002287b789490 JavaThread "Unconstrained build operations Thread 58" [_thread_blocked, id=13800, stack(0x0000006e63800000,0x0000006e63900000)]
  0x000002287b78cf00 JavaThread "Unconstrained build operations Thread 59" [_thread_blocked, id=15128, stack(0x0000006e63900000,0x0000006e63a00000)]
  0x000002287b7889f0 JavaThread "Unconstrained build operations Thread 60" [_thread_blocked, id=20184, stack(0x0000006e63a00000,0x0000006e63b00000)]
  0x000002287b78d450 JavaThread "Unconstrained build operations Thread 61" [_thread_blocked, id=20296, stack(0x0000006e63b00000,0x0000006e63c00000)]
  0x000002287b78af20 JavaThread "Unconstrained build operations Thread 62" [_thread_blocked, id=312, stack(0x0000006e63c00000,0x0000006e63d00000)]
  0x000002287b78c9b0 JavaThread "Unconstrained build operations Thread 63" [_thread_blocked, id=19020, stack(0x0000006e63d00000,0x0000006e63e00000)]
  0x000002287b7874b0 JavaThread "Unconstrained build operations Thread 64" [_thread_blocked, id=18852, stack(0x0000006e63e00000,0x0000006e63f00000)]
  0x000002287b78d9a0 JavaThread "Unconstrained build operations Thread 65" [_thread_blocked, id=15588, stack(0x0000006e63f00000,0x0000006e64000000)]
  0x000002287b789f30 JavaThread "Unconstrained build operations Thread 66" [_thread_blocked, id=15084, stack(0x0000006e64000000,0x0000006e64100000)]
  0x000002287b785f70 JavaThread "Unconstrained build operations Thread 67" [_thread_blocked, id=1788, stack(0x0000006e64100000,0x0000006e64200000)]
  0x000002287b78a480 JavaThread "Unconstrained build operations Thread 68" [_thread_blocked, id=9916, stack(0x0000006e64200000,0x0000006e64300000)]
  0x000002287b7864c0 JavaThread "Unconstrained build operations Thread 69" [_thread_blocked, id=9156, stack(0x0000006e64300000,0x0000006e64400000)]
  0x000002287b78a9d0 JavaThread "Unconstrained build operations Thread 70" [_thread_blocked, id=8780, stack(0x0000006e64400000,0x0000006e64500000)]
  0x000002287b788f40 JavaThread "Unconstrained build operations Thread 71" [_thread_blocked, id=5872, stack(0x0000006e64500000,0x0000006e64600000)]
  0x000002287b78b470 JavaThread "Unconstrained build operations Thread 72" [_thread_blocked, id=7772, stack(0x0000006e64600000,0x0000006e64700000)]
  0x000002287b786a10 JavaThread "Unconstrained build operations Thread 73" [_thread_blocked, id=4216, stack(0x0000006e64700000,0x0000006e64800000)]
  0x000002287b786f60 JavaThread "Unconstrained build operations Thread 74" [_thread_blocked, id=19532, stack(0x0000006e64a00000,0x0000006e64b00000)]
  0x000002287b787a00 JavaThread "Unconstrained build operations Thread 75" [_thread_blocked, id=15768, stack(0x0000006e64b00000,0x0000006e64c00000)]
  0x000002287b78b9c0 JavaThread "Unconstrained build operations Thread 76" [_thread_blocked, id=10360, stack(0x0000006e64c00000,0x0000006e64d00000)]
  0x000002287b787f50 JavaThread "Unconstrained build operations Thread 77" [_thread_blocked, id=20180, stack(0x0000006e64d00000,0x0000006e64e00000)]
  0x000002287b78c460 JavaThread "Unconstrained build operations Thread 78" [_thread_blocked, id=3264, stack(0x0000006e64e00000,0x0000006e64f00000)]
  0x000002287c6614b0 JavaThread "Unconstrained build operations Thread 79" [_thread_blocked, id=12200, stack(0x0000006e64f00000,0x0000006e65000000)]
  0x000002287c6639e0 JavaThread "Unconstrained build operations Thread 80" [_thread_blocked, id=16776, stack(0x0000006e65000000,0x0000006e65100000)]
  0x000002287c6629f0 JavaThread "Unconstrained build operations Thread 81" [_thread_blocked, id=13772, stack(0x0000006e65100000,0x0000006e65200000)]
  0x000002287c663490 JavaThread "Unconstrained build operations Thread 82" [_thread_blocked, id=21388, stack(0x0000006e65200000,0x0000006e65300000)]
  0x000002287c663f30 JavaThread "Unconstrained build operations Thread 83" [_thread_blocked, id=20384, stack(0x0000006e65300000,0x0000006e65400000)]
  0x000002287c660a10 JavaThread "Unconstrained build operations Thread 84" [_thread_blocked, id=876, stack(0x0000006e65400000,0x0000006e65500000)]
  0x000002287c660f60 JavaThread "Unconstrained build operations Thread 85" [_thread_blocked, id=19136, stack(0x0000006e65500000,0x0000006e65600000)]
  0x000002287c6649d0 JavaThread "Unconstrained build operations Thread 86" [_thread_blocked, id=12972, stack(0x0000006e65600000,0x0000006e65700000)]
  0x000002287c664480 JavaThread "Unconstrained build operations Thread 87" [_thread_blocked, id=13996, stack(0x0000006e65700000,0x0000006e65800000)]
  0x000002287c661f50 JavaThread "Unconstrained build operations Thread 88" [_thread_blocked, id=21008, stack(0x0000006e65800000,0x0000006e65900000)]
  0x000002287c6659c0 JavaThread "Unconstrained build operations Thread 89" [_thread_blocked, id=20396, stack(0x0000006e65a00000,0x0000006e65b00000)]
  0x000002287c665470 JavaThread "Unconstrained build operations Thread 90" [_thread_blocked, id=5324, stack(0x0000006e65b00000,0x0000006e65c00000)]
  0x000002287c65ea30 JavaThread "Unconstrained build operations Thread 91" [_thread_blocked, id=15200, stack(0x0000006e65c00000,0x0000006e65d00000)]
  0x000002287c665f10 JavaThread "Unconstrained build operations Thread 92" [_thread_blocked, id=21092, stack(0x0000006e65d00000,0x0000006e65e00000)]
  0x000002287c65ef80 JavaThread "Unconstrained build operations Thread 93" [_thread_blocked, id=17468, stack(0x0000006e65e00000,0x0000006e65f00000)]
  0x000002287c65f4d0 JavaThread "Unconstrained build operations Thread 94" [_thread_blocked, id=18028, stack(0x0000006e65f00000,0x0000006e66000000)]
  0x000002287c65fa20 JavaThread "Unconstrained build operations Thread 95" [_thread_blocked, id=17344, stack(0x0000006e66000000,0x0000006e66100000)]
  0x000002287c661a00 JavaThread "Unconstrained build operations Thread 96" [_thread_blocked, id=8740, stack(0x0000006e66100000,0x0000006e66200000)]
  0x000002287c65ff70 JavaThread "Unconstrained build operations Thread 97" [_thread_blocked, id=19748, stack(0x0000006e66200000,0x0000006e66300000)]
  0x000002287c6604c0 JavaThread "Unconstrained build operations Thread 98" [_thread_blocked, id=17952, stack(0x0000006e66300000,0x0000006e66400000)]
  0x000002287e929840 JavaThread "Unconstrained build operations Thread 99" [_thread_blocked, id=816, stack(0x0000006e66500000,0x0000006e66600000)]
  0x000002287e92b2d0 JavaThread "Unconstrained build operations Thread 100" [_thread_blocked, id=18468, stack(0x0000006e66600000,0x0000006e66700000)]
  0x000002287e929d90 JavaThread "Unconstrained build operations Thread 101" [_thread_blocked, id=12264, stack(0x0000006e66700000,0x0000006e66800000)]
  0x000002287e92d800 JavaThread "Unconstrained build operations Thread 102" [_thread_blocked, id=8064, stack(0x0000006e66800000,0x0000006e66900000)]
  0x000002287e926dc0 JavaThread "Unconstrained build operations Thread 103" [_thread_blocked, id=17452, stack(0x0000006e66900000,0x0000006e66a00000)]
  0x000002287e92bd70 JavaThread "Unconstrained build operations Thread 104" [_thread_blocked, id=12532, stack(0x0000006e66a00000,0x0000006e66b00000)]
  0x000002287e925dd0 JavaThread "Unconstrained build operations Thread 105" [_thread_blocked, id=15828, stack(0x0000006e66b00000,0x0000006e66c00000)]
  0x000002287e926320 JavaThread "Unconstrained build operations Thread 106" [_thread_blocked, id=19148, stack(0x0000006e66c00000,0x0000006e66d00000)]
  0x000002287e92a2e0 JavaThread "Unconstrained build operations Thread 107" [_thread_blocked, id=1988, stack(0x0000006e66d00000,0x0000006e66e00000)]
  0x000002287e926870 JavaThread "Unconstrained build operations Thread 108" [_thread_blocked, id=20984, stack(0x0000006e66e00000,0x0000006e66f00000)]
  0x000002287e92c2c0 JavaThread "Unconstrained build operations Thread 109" [_thread_blocked, id=19332, stack(0x0000006e66f00000,0x0000006e67000000)]
  0x000002287e92c810 JavaThread "Unconstrained build operations Thread 110" [_thread_blocked, id=20332, stack(0x0000006e67000000,0x0000006e67100000)]
  0x000002287e927310 JavaThread "Unconstrained build operations Thread 111" [_thread_blocked, id=16448, stack(0x0000006e67100000,0x0000006e67200000)]
  0x000002287e92a830 JavaThread "Unconstrained build operations Thread 112" [_thread_blocked, id=3680, stack(0x0000006e67200000,0x0000006e67300000)]
  0x000002287e92ad80 JavaThread "Unconstrained build operations Thread 113" [_thread_blocked, id=21360, stack(0x0000006e67300000,0x0000006e67400000)]
  0x000002287e927860 JavaThread "Unconstrained build operations Thread 114" [_thread_blocked, id=15500, stack(0x0000006e67400000,0x0000006e67500000)]
  0x000002287e928300 JavaThread "Unconstrained build operations Thread 115" [_thread_blocked, id=6108, stack(0x0000006e67500000,0x0000006e67600000)]
  0x000002287b0c0b00 JavaThread "Unconstrained build operations Thread 116" [_thread_blocked, id=6116, stack(0x0000006e67600000,0x0000006e67700000)]
  0x000002287b0bb0b0 JavaThread "Unconstrained build operations Thread 117" [_thread_blocked, id=4980, stack(0x0000006e67700000,0x0000006e67800000)]
  0x000002287b0bc5f0 JavaThread "Unconstrained build operations Thread 118" [_thread_blocked, id=17160, stack(0x0000006e67800000,0x0000006e67900000)]
  0x000002287b0bcb40 JavaThread "Unconstrained build operations Thread 119" [_thread_blocked, id=4920, stack(0x0000006e67900000,0x0000006e67a00000)]
  0x000002287b0bd090 JavaThread "Unconstrained build operations Thread 120" [_thread_blocked, id=10340, stack(0x0000006e67a00000,0x0000006e67b00000)]
  0x000002287b0bf070 JavaThread "pool-13-thread-1" [_thread_blocked, id=12112, stack(0x0000006e67c00000,0x0000006e67d00000)]
  0x000002287b2897f0 JavaThread "Exec process Thread 46" [_thread_blocked, id=21240, stack(0x0000006e67f00000,0x0000006e68000000)]
  0x000002287b28b7d0 JavaThread "Exec process Thread 47" [_thread_blocked, id=21256, stack(0x0000006e68000000,0x0000006e68100000)]
  0x000002287b2872c0 JavaThread "Exec process Thread 48" [_thread_blocked, id=15884, stack(0x0000006e68200000,0x0000006e68300000)]
  0x000002287b28ad30 JavaThread "DisconnectableInputStream source reader" daemon [_thread_blocked, id=20924, stack(0x0000006e5df00000,0x0000006e5e000000)]
  0x000002287a176110 JavaThread "C2 CompilerThread1" daemon [_thread_blocked, id=11528, stack(0x0000006e5e300000,0x0000006e5e400000)]

Other Threads:
=>0x0000022873d9ff70 VMThread "VM Thread" [stack: 0x0000006e5b800000,0x0000006e5b900000] [id=8556]
  0x0000022878241bd0 WatcherThread "VM Periodic Task Thread" [stack: 0x0000006e5c400000,0x0000006e5c500000] [id=8308]
  0x00000228551067e0 WorkerThread "GC Thread#0" [stack: 0x0000006e5b300000,0x0000006e5b400000] [id=2856]
  0x000002287879c3d0 WorkerThread "GC Thread#1" [stack: 0x0000006e5c700000,0x0000006e5c800000] [id=2504]
  0x000002287879c100 WorkerThread "GC Thread#2" [stack: 0x0000006e5c800000,0x0000006e5c900000] [id=13036]
  0x000002287879c6a0 WorkerThread "GC Thread#3" [stack: 0x0000006e5c500000,0x0000006e5c600000] [id=3460]
  0x000002287879d780 WorkerThread "GC Thread#4" [stack: 0x0000006e5c600000,0x0000006e5c700000] [id=3240]
  0x000002287879dd20 WorkerThread "GC Thread#5" [stack: 0x0000006e5ca00000,0x0000006e5cb00000] [id=6824]
  0x0000022879962ef0 WorkerThread "GC Thread#6" [stack: 0x0000006e5cb00000,0x0000006e5cc00000] [id=5100]
  0x0000022879963a30 WorkerThread "GC Thread#7" [stack: 0x0000006e5cc00000,0x0000006e5cd00000] [id=6112]
  0x00000228799642a0 WorkerThread "GC Thread#8" [stack: 0x0000006e5cd00000,0x0000006e5ce00000] [id=10828]
  0x0000022879965650 WorkerThread "GC Thread#9" [stack: 0x0000006e5dc00000,0x0000006e5dd00000] [id=9836]
  0x0000022855119900 ConcurrentGCThread "G1 Main Marker" [stack: 0x0000006e5b400000,0x0000006e5b500000] [id=3700]
  0x000002285511bae0 WorkerThread "G1 Conc#0" [stack: 0x0000006e5b500000,0x0000006e5b600000] [id=4912]
  0x0000022879964de0 WorkerThread "G1 Conc#1" [stack: 0x0000006e5dd00000,0x0000006e5de00000] [id=15684]
  0x0000022879963490 WorkerThread "G1 Conc#2" [stack: 0x0000006e5de00000,0x0000006e5df00000] [id=16120]
  0x0000022873c58560 ConcurrentGCThread "G1 Refine#0" [stack: 0x0000006e5b600000,0x0000006e5b700000] [id=14828]
  0x000002280536b3b0 ConcurrentGCThread "G1 Refine#1" [stack: 0x0000006e5b100000,0x0000006e5b200000] [id=8008]
  0x0000022873c58d50 ConcurrentGCThread "G1 Service" [stack: 0x0000006e5b700000,0x0000006e5b800000] [id=6996]

Threads with active compile tasks:
C2 CompilerThread0  8839957 47873       4       java.io.ObjectStreamClass::getReflector (100 bytes)
C2 CompilerThread1  8839957 47879   !   4       java.io.ObjectOutputStream::writeObject0 (620 bytes)

VM state: at safepoint (normal execution)

VM Mutex/Monitor currently owned by a thread:  ([mutex/lock_event])
[0x00000228550a4010] Threads_lock - owner thread: 0x0000022873d9ff70
[0x00000228550a40a0] Heap_lock - owner thread: 0x0000022878c11b90

Heap address: 0x0000000080000000, size: 2048 MB, Compressed Oops mode: 32-bit

CDS archive(s) mapped at: [0x0000000800000000-0x0000000800c40000-0x0000000800c40000), size 12845056, SharedBaseAddress: 0x0000000800000000, ArchiveRelocationMode: 0.
Compressed class space mapped at: 0x0000000801000000-0x000000081ac00000, reserved size: 432013312
Narrow klass base: 0x0000000800000000, Narrow klass shift: 0, Narrow klass range: 0x100000000

GC Precious Log:
 CardTable entry size: 512
 Card Set container configuration: InlinePtr #cards 5 size 8 Array Of Cards #cards 12 size 40 Howl #buckets 4 coarsen threshold 1843 Howl Bitmap #cards 512 size 80 coarsen threshold 460 Card regions per heap region 1 cards per card region 2048
 CPUs: 12 total, 12 available
 Memory: 7521M
 Large Page Support: Disabled
 NUMA Support: Disabled
 Compressed Oops: Enabled (32-bit)
 Heap Region Size: 1M
 Heap Min Capacity: 8M
 Heap Initial Capacity: 118M
 Heap Max Capacity: 2G
 Pre-touch: Disabled
 Parallel Workers: 10
 Concurrent Workers: 3
 Concurrent Refinement Workers: 10
 Periodic GC: Disabled

Heap:
 garbage-first heap   total 739328K, used 313259K [0x0000000080000000, 0x0000000100000000)
  region size 1024K, 13 young (13312K), 13 survivors (13312K)
 Metaspace       used 198917K, committed 203904K, reserved 618496K
  class space    used 25348K, committed 27776K, reserved 421888K

Heap Regions: E=young(eden), S=young(survivor), O=old, HS=humongous(starts), HC=humongous(continues), CS=collection set, F=free, OA=open archive, CA=closed archive, TAMS=top-at-mark-start (previous, next)
|   0|0x0000000080000000, 0x0000000080100000, 0x0000000080100000|100%| O|  |TAMS 0x0000000080100000, 0x0000000080100000| Untracked 
|   1|0x0000000080100000, 0x0000000080200000, 0x0000000080200000|100%| O|  |TAMS 0x0000000080200000, 0x0000000080200000| Untracked 
|   2|0x0000000080200000, 0x0000000080300000, 0x0000000080300000|100%|HS|  |TAMS 0x0000000080300000, 0x0000000080300000| Complete 
|   3|0x0000000080300000, 0x0000000080400000, 0x0000000080400000|100%|HC|  |TAMS 0x0000000080400000, 0x0000000080400000| Complete 
|   4|0x0000000080400000, 0x0000000080500000, 0x0000000080500000|100%|HC|  |TAMS 0x0000000080500000, 0x0000000080500000| Complete 
|   5|0x0000000080500000, 0x0000000080600000, 0x0000000080600000|100%|HC|  |TAMS 0x0000000080600000, 0x0000000080600000| Complete 
|   6|0x0000000080600000, 0x0000000080700000, 0x0000000080700000|100%| O|  |TAMS 0x0000000080700000, 0x0000000080700000| Untracked 
|   7|0x0000000080700000, 0x0000000080800000, 0x0000000080800000|100%| O|  |TAMS 0x0000000080800000, 0x0000000080800000| Untracked 
|   8|0x0000000080800000, 0x0000000080900000, 0x0000000080900000|100%| O|  |TAMS 0x0000000080900000, 0x0000000080900000| Untracked 
|   9|0x0000000080900000, 0x0000000080a00000, 0x0000000080a00000|100%|HS|  |TAMS 0x0000000080a00000, 0x0000000080a00000| Complete 
|  10|0x0000000080a00000, 0x0000000080b00000, 0x0000000080b00000|100%| O|  |TAMS 0x0000000080b00000, 0x0000000080b00000| Untracked 
|  11|0x0000000080b00000, 0x0000000080c00000, 0x0000000080c00000|100%| O|  |TAMS 0x0000000080c00000, 0x0000000080c00000| Untracked 
|  12|0x0000000080c00000, 0x0000000080d00000, 0x0000000080d00000|100%| O|  |TAMS 0x0000000080d00000, 0x0000000080d00000| Untracked 
|  13|0x0000000080d00000, 0x0000000080e00000, 0x0000000080e00000|100%| O|  |TAMS 0x0000000080e00000, 0x0000000080e00000| Untracked 
|  14|0x0000000080e00000, 0x0000000080f00000, 0x0000000080f00000|100%| O|  |TAMS 0x0000000080f00000, 0x0000000080f00000| Untracked 
|  15|0x0000000080f00000, 0x0000000081000000, 0x0000000081000000|100%| O|  |TAMS 0x0000000081000000, 0x0000000081000000| Untracked 
|  16|0x0000000081000000, 0x0000000081100000, 0x0000000081100000|100%| O|  |TAMS 0x0000000081100000, 0x0000000081100000| Untracked 
|  17|0x0000000081100000, 0x0000000081200000, 0x0000000081200000|100%| O|  |TAMS 0x0000000081200000, 0x0000000081200000| Untracked 
|  18|0x0000000081200000, 0x0000000081300000, 0x0000000081300000|100%| O|  |TAMS 0x0000000081300000, 0x0000000081300000| Untracked 
|  19|0x0000000081300000, 0x0000000081400000, 0x0000000081400000|100%| O|  |TAMS 0x0000000081400000, 0x0000000081400000| Untracked 
|  20|0x0000000081400000, 0x0000000081500000, 0x0000000081500000|100%| O|  |TAMS 0x0000000081500000, 0x0000000081500000| Untracked 
|  21|0x0000000081500000, 0x0000000081600000, 0x0000000081600000|100%| O|  |TAMS 0x0000000081600000, 0x0000000081600000| Untracked 
|  22|0x0000000081600000, 0x00000000816fc000, 0x0000000081700000| 98%| O|  |TAMS 0x00000000816fc000, 0x00000000816fc000| Untracked 
|  23|0x0000000081700000, 0x0000000081800000, 0x0000000081800000|100%| O|  |TAMS 0x0000000081800000, 0x0000000081800000| Untracked 
|  24|0x0000000081800000, 0x0000000081900000, 0x0000000081900000|100%| O|  |TAMS 0x0000000081900000, 0x0000000081900000| Untracked 
|  25|0x0000000081900000, 0x0000000081a00000, 0x0000000081a00000|100%| O|  |TAMS 0x0000000081a00000, 0x0000000081a00000| Untracked 
|  26|0x0000000081a00000, 0x0000000081b00000, 0x0000000081b00000|100%| O|  |TAMS 0x0000000081b00000, 0x0000000081b00000| Untracked 
|  27|0x0000000081b00000, 0x0000000081c00000, 0x0000000081c00000|100%| O|  |TAMS 0x0000000081c00000, 0x0000000081c00000| Untracked 
|  28|0x0000000081c00000, 0x0000000081d00000, 0x0000000081d00000|100%| O|  |TAMS 0x0000000081d00000, 0x0000000081d00000| Untracked 
|  29|0x0000000081d00000, 0x0000000081e00000, 0x0000000081e00000|100%| O|  |TAMS 0x0000000081e00000, 0x0000000081e00000| Untracked 
|  30|0x0000000081e00000, 0x0000000081f00000, 0x0000000081f00000|100%| O|  |TAMS 0x0000000081f00000, 0x0000000081f00000| Untracked 
|  31|0x0000000081f00000, 0x0000000082000000, 0x0000000082000000|100%| O|  |TAMS 0x0000000082000000, 0x0000000082000000| Untracked 
|  32|0x0000000082000000, 0x0000000082100000, 0x0000000082100000|100%| O|  |TAMS 0x0000000082100000, 0x0000000082100000| Untracked 
|  33|0x0000000082100000, 0x0000000082200000, 0x0000000082200000|100%| O|  |TAMS 0x0000000082200000, 0x0000000082200000| Untracked 
|  34|0x0000000082200000, 0x0000000082300000, 0x0000000082300000|100%| O|  |TAMS 0x0000000082300000, 0x0000000082300000| Untracked 
|  35|0x0000000082300000, 0x0000000082400000, 0x0000000082400000|100%| O|  |TAMS 0x0000000082400000, 0x0000000082400000| Untracked 
|  36|0x0000000082400000, 0x0000000082500000, 0x0000000082500000|100%| O|  |TAMS 0x0000000082400000, 0x0000000082500000| Untracked 
|  37|0x0000000082500000, 0x0000000082600000, 0x0000000082600000|100%| O|  |TAMS 0x0000000082600000, 0x0000000082600000| Untracked 
|  38|0x0000000082600000, 0x0000000082700000, 0x0000000082700000|100%| O|  |TAMS 0x0000000082700000, 0x0000000082700000| Untracked 
|  39|0x0000000082700000, 0x0000000082800000, 0x0000000082800000|100%|HS|  |TAMS 0x0000000082800000, 0x0000000082800000| Complete 
|  40|0x0000000082800000, 0x0000000082900000, 0x0000000082900000|100%|HC|  |TAMS 0x0000000082900000, 0x0000000082900000| Complete 
|  41|0x0000000082900000, 0x0000000082a00000, 0x0000000082a00000|100%|HS|  |TAMS 0x0000000082a00000, 0x0000000082a00000| Complete 
|  42|0x0000000082a00000, 0x0000000082b00000, 0x0000000082b00000|100%|HC|  |TAMS 0x0000000082b00000, 0x0000000082b00000| Complete 
|  43|0x0000000082b00000, 0x0000000082c00000, 0x0000000082c00000|100%|HC|  |TAMS 0x0000000082c00000, 0x0000000082c00000| Complete 
|  44|0x0000000082c00000, 0x0000000082d00000, 0x0000000082d00000|100%|HS|  |TAMS 0x0000000082d00000, 0x0000000082d00000| Complete 
|  45|0x0000000082d00000, 0x0000000082e00000, 0x0000000082e00000|100%|HC|  |TAMS 0x0000000082e00000, 0x0000000082e00000| Complete 
|  46|0x0000000082e00000, 0x0000000082f00000, 0x0000000082f00000|100%| O|  |TAMS 0x0000000082f00000, 0x0000000082f00000| Untracked 
|  47|0x0000000082f00000, 0x0000000083000000, 0x0000000083000000|100%| O|  |TAMS 0x0000000083000000, 0x0000000083000000| Untracked 
|  48|0x0000000083000000, 0x0000000083100000, 0x0000000083100000|100%| O|  |TAMS 0x0000000083100000, 0x0000000083100000| Untracked 
|  49|0x0000000083100000, 0x0000000083200000, 0x0000000083200000|100%| O|  |TAMS 0x0000000083200000, 0x0000000083200000| Untracked 
|  50|0x0000000083200000, 0x0000000083300000, 0x0000000083300000|100%| O|  |TAMS 0x0000000083300000, 0x0000000083300000| Untracked 
|  51|0x0000000083300000, 0x0000000083400000, 0x0000000083400000|100%| O|  |TAMS 0x0000000083400000, 0x0000000083400000| Untracked 
|  52|0x0000000083400000, 0x0000000083500000, 0x0000000083500000|100%| O|  |TAMS 0x0000000083500000, 0x0000000083500000| Untracked 
|  53|0x0000000083500000, 0x0000000083500000, 0x0000000083600000|  0%| F|  |TAMS 0x0000000083500000, 0x0000000083500000| Untracked 
|  54|0x0000000083600000, 0x0000000083700000, 0x0000000083700000|100%| O|  |TAMS 0x0000000083700000, 0x0000000083700000| Untracked 
|  55|0x0000000083700000, 0x0000000083800000, 0x0000000083800000|100%| O|  |TAMS 0x0000000083800000, 0x0000000083800000| Untracked 
|  56|0x0000000083800000, 0x0000000083900000, 0x0000000083900000|100%| O|  |TAMS 0x0000000083900000, 0x0000000083900000| Untracked 
|  57|0x0000000083900000, 0x0000000083a00000, 0x0000000083a00000|100%| O|  |TAMS 0x0000000083a00000, 0x0000000083a00000| Untracked 
|  58|0x0000000083a00000, 0x0000000083b00000, 0x0000000083b00000|100%|HS|  |TAMS 0x0000000083b00000, 0x0000000083b00000| Complete 
|  59|0x0000000083b00000, 0x0000000083c00000, 0x0000000083c00000|100%|HC|  |TAMS 0x0000000083c00000, 0x0000000083c00000| Complete 
|  60|0x0000000083c00000, 0x0000000083d00000, 0x0000000083d00000|100%|HC|  |TAMS 0x0000000083d00000, 0x0000000083d00000| Complete 
|  61|0x0000000083d00000, 0x0000000083e00000, 0x0000000083e00000|100%| O|  |TAMS 0x0000000083e00000, 0x0000000083e00000| Untracked 
|  62|0x0000000083e00000, 0x0000000083f00000, 0x0000000083f00000|100%| O|  |TAMS 0x0000000083f00000, 0x0000000083f00000| Untracked 
|  63|0x0000000083f00000, 0x0000000084000000, 0x0000000084000000|100%| O|  |TAMS 0x0000000084000000, 0x0000000084000000| Untracked 
|  64|0x0000000084000000, 0x0000000084100000, 0x0000000084100000|100%| O|  |TAMS 0x0000000084100000, 0x0000000084100000| Untracked 
|  65|0x0000000084100000, 0x0000000084200000, 0x0000000084200000|100%| O|  |TAMS 0x0000000084200000, 0x0000000084200000| Untracked 
|  66|0x0000000084200000, 0x0000000084200000, 0x0000000084300000|  0%| F|  |TAMS 0x0000000084200000, 0x0000000084200000| Untracked 
|  67|0x0000000084300000, 0x0000000084400000, 0x0000000084400000|100%| O|  |TAMS 0x0000000084400000, 0x0000000084400000| Untracked 
|  68|0x0000000084400000, 0x0000000084500000, 0x0000000084500000|100%| O|  |TAMS 0x0000000084500000, 0x0000000084500000| Untracked 
|  69|0x0000000084500000, 0x0000000084600000, 0x0000000084600000|100%| O|  |TAMS 0x0000000084600000, 0x0000000084600000| Untracked 
|  70|0x0000000084600000, 0x0000000084700000, 0x0000000084700000|100%| O|  |TAMS 0x0000000084700000, 0x0000000084700000| Untracked 
|  71|0x0000000084700000, 0x0000000084800000, 0x0000000084800000|100%| O|  |TAMS 0x0000000084700000, 0x0000000084800000| Untracked 
|  72|0x0000000084800000, 0x0000000084900000, 0x0000000084900000|100%| O|  |TAMS 0x0000000084800000, 0x0000000084900000| Untracked 
|  73|0x0000000084900000, 0x0000000084900000, 0x0000000084a00000|  0%| F|  |TAMS 0x0000000084900000, 0x0000000084900000| Untracked 
|  74|0x0000000084a00000, 0x0000000084a00000, 0x0000000084b00000|  0%| F|  |TAMS 0x0000000084a00000, 0x0000000084a00000| Untracked 
|  75|0x0000000084b00000, 0x0000000084b00000, 0x0000000084c00000|  0%| F|  |TAMS 0x0000000084b00000, 0x0000000084b00000| Untracked 
|  76|0x0000000084c00000, 0x0000000084d00000, 0x0000000084d00000|100%| O|  |TAMS 0x0000000084c00000, 0x0000000084d00000| Untracked 
|  77|0x0000000084d00000, 0x0000000084d00000, 0x0000000084e00000|  0%| F|  |TAMS 0x0000000084d00000, 0x0000000084d00000| Untracked 
|  78|0x0000000084e00000, 0x0000000084e00000, 0x0000000084f00000|  0%| F|  |TAMS 0x0000000084e00000, 0x0000000084e00000| Untracked 
|  79|0x0000000084f00000, 0x0000000085000000, 0x0000000085000000|100%| O|  |TAMS 0x0000000085000000, 0x0000000085000000| Untracked 
|  80|0x0000000085000000, 0x0000000085100000, 0x0000000085100000|100%| O|  |TAMS 0x0000000085100000, 0x0000000085100000| Untracked 
|  81|0x0000000085100000, 0x0000000085200000, 0x0000000085200000|100%| O|  |TAMS 0x0000000085100000, 0x0000000085200000| Untracked 
|  82|0x0000000085200000, 0x0000000085200000, 0x0000000085300000|  0%| F|  |TAMS 0x0000000085200000, 0x0000000085200000| Untracked 
|  83|0x0000000085300000, 0x0000000085400000, 0x0000000085400000|100%| O|  |TAMS 0x0000000085300000, 0x0000000085400000| Untracked 
|  84|0x0000000085400000, 0x0000000085500000, 0x0000000085500000|100%| O|  |TAMS 0x0000000085500000, 0x0000000085500000| Untracked 
|  85|0x0000000085500000, 0x0000000085600000, 0x0000000085600000|100%| O|  |TAMS 0x0000000085600000, 0x0000000085600000| Untracked 
|  86|0x0000000085600000, 0x0000000085700000, 0x0000000085700000|100%| O|  |TAMS 0x0000000085600000, 0x0000000085700000| Untracked 
|  87|0x0000000085700000, 0x0000000085800000, 0x0000000085800000|100%| O|  |TAMS 0x0000000085700000, 0x0000000085800000| Untracked 
|  88|0x0000000085800000, 0x0000000085900000, 0x0000000085900000|100%| O|  |TAMS 0x0000000085900000, 0x0000000085900000| Untracked 
|  89|0x0000000085900000, 0x0000000085a00000, 0x0000000085a00000|100%| O|  |TAMS 0x0000000085a00000, 0x0000000085a00000| Untracked 
|  90|0x0000000085a00000, 0x0000000085b00000, 0x0000000085b00000|100%|HS|  |TAMS 0x0000000085b00000, 0x0000000085b00000| Complete 
|  91|0x0000000085b00000, 0x0000000085c00000, 0x0000000085c00000|100%|HS|  |TAMS 0x0000000085c00000, 0x0000000085c00000| Complete 
|  92|0x0000000085c00000, 0x0000000085d00000, 0x0000000085d00000|100%|HS|  |TAMS 0x0000000085d00000, 0x0000000085d00000| Complete 
|  93|0x0000000085d00000, 0x0000000085e00000, 0x0000000085e00000|100%|HS|  |TAMS 0x0000000085e00000, 0x0000000085e00000| Complete 
|  94|0x0000000085e00000, 0x0000000085f00000, 0x0000000085f00000|100%|HS|  |TAMS 0x0000000085f00000, 0x0000000085f00000| Complete 
|  95|0x0000000085f00000, 0x0000000086000000, 0x0000000086000000|100%| O|  |TAMS 0x0000000085f00000, 0x0000000086000000| Untracked 
|  96|0x0000000086000000, 0x0000000086100000, 0x0000000086100000|100%| O|  |TAMS 0x0000000086100000, 0x0000000086100000| Untracked 
|  97|0x0000000086100000, 0x0000000086200000, 0x0000000086200000|100%|HS|  |TAMS 0x0000000086200000, 0x0000000086200000| Complete 
|  98|0x0000000086200000, 0x0000000086300000, 0x0000000086300000|100%| O|  |TAMS 0x0000000086300000, 0x0000000086300000| Untracked 
|  99|0x0000000086300000, 0x0000000086400000, 0x0000000086400000|100%| O|  |TAMS 0x0000000086400000, 0x0000000086400000| Untracked 
| 100|0x0000000086400000, 0x0000000086500000, 0x0000000086500000|100%| O|  |TAMS 0x0000000086500000, 0x0000000086500000| Untracked 
| 101|0x0000000086500000, 0x0000000086600000, 0x0000000086600000|100%| O|  |TAMS 0x0000000086600000, 0x0000000086600000| Untracked 
| 102|0x0000000086600000, 0x0000000086700000, 0x0000000086700000|100%| O|  |TAMS 0x0000000086700000, 0x0000000086700000| Untracked 
| 103|0x0000000086700000, 0x0000000086800000, 0x0000000086800000|100%| O|  |TAMS 0x0000000086800000, 0x0000000086800000| Untracked 
| 104|0x0000000086800000, 0x0000000086900000, 0x0000000086900000|100%| O|  |TAMS 0x0000000086900000, 0x0000000086900000| Untracked 
| 105|0x0000000086900000, 0x0000000086a00000, 0x0000000086a00000|100%| O|  |TAMS 0x0000000086a00000, 0x0000000086a00000| Untracked 
| 106|0x0000000086a00000, 0x0000000086b00000, 0x0000000086b00000|100%|HS|  |TAMS 0x0000000086b00000, 0x0000000086b00000| Complete 
| 107|0x0000000086b00000, 0x0000000086c00000, 0x0000000086c00000|100%|HC|  |TAMS 0x0000000086c00000, 0x0000000086c00000| Complete 
| 108|0x0000000086c00000, 0x0000000086d00000, 0x0000000086d00000|100%| O|  |TAMS 0x0000000086c00000, 0x0000000086d00000| Untracked 
| 109|0x0000000086d00000, 0x0000000086e00000, 0x0000000086e00000|100%| O|  |TAMS 0x0000000086e00000, 0x0000000086e00000| Untracked 
| 110|0x0000000086e00000, 0x0000000086f00000, 0x0000000086f00000|100%|HS|  |TAMS 0x0000000086f00000, 0x0000000086f00000| Complete 
| 111|0x0000000086f00000, 0x0000000087000000, 0x0000000087000000|100%| O|  |TAMS 0x0000000086f00000, 0x0000000087000000| Untracked 
| 112|0x0000000087000000, 0x0000000087100000, 0x0000000087100000|100%| O|  |TAMS 0x0000000087100000, 0x0000000087100000| Untracked 
| 113|0x0000000087100000, 0x0000000087200000, 0x0000000087200000|100%| O|  |TAMS 0x0000000087200000, 0x0000000087200000| Untracked 
| 114|0x0000000087200000, 0x0000000087300000, 0x0000000087300000|100%| O|  |TAMS 0x0000000087300000, 0x0000000087300000| Untracked 
| 115|0x0000000087300000, 0x0000000087400000, 0x0000000087400000|100%| O|  |TAMS 0x0000000087400000, 0x0000000087400000| Untracked 
| 116|0x0000000087400000, 0x0000000087500000, 0x0000000087500000|100%| O|  |TAMS 0x0000000087400000, 0x0000000087500000| Untracked 
| 117|0x0000000087500000, 0x0000000087600000, 0x0000000087600000|100%| O|  |TAMS 0x0000000087600000, 0x0000000087600000| Untracked 
| 118|0x0000000087600000, 0x0000000087700000, 0x0000000087700000|100%| O|  |TAMS 0x0000000087700000, 0x0000000087700000| Untracked 
| 119|0x0000000087700000, 0x0000000087800000, 0x0000000087800000|100%| O|  |TAMS 0x0000000087800000, 0x0000000087800000| Untracked 
| 120|0x0000000087800000, 0x0000000087900000, 0x0000000087900000|100%| O|  |TAMS 0x0000000087900000, 0x0000000087900000| Untracked 
| 121|0x0000000087900000, 0x0000000087a00000, 0x0000000087a00000|100%| O|  |TAMS 0x0000000087a00000, 0x0000000087a00000| Untracked 
| 122|0x0000000087a00000, 0x0000000087b00000, 0x0000000087b00000|100%| O|  |TAMS 0x0000000087b00000, 0x0000000087b00000| Untracked 
| 123|0x0000000087b00000, 0x0000000087c00000, 0x0000000087c00000|100%| O|  |TAMS 0x0000000087b00000, 0x0000000087c00000| Untracked 
| 124|0x0000000087c00000, 0x0000000087d00000, 0x0000000087d00000|100%| O|  |TAMS 0x0000000087c00000, 0x0000000087d00000| Untracked 
| 125|0x0000000087d00000, 0x0000000087e00000, 0x0000000087e00000|100%| O|  |TAMS 0x0000000087d00000, 0x0000000087e00000| Untracked 
| 126|0x0000000087e00000, 0x0000000087f00000, 0x0000000087f00000|100%| O|  |TAMS 0x0000000087f00000, 0x0000000087f00000| Untracked 
| 127|0x0000000087f00000, 0x0000000088000000, 0x0000000088000000|100%| O|  |TAMS 0x0000000088000000, 0x0000000088000000| Untracked 
| 128|0x0000000088000000, 0x0000000088100000, 0x0000000088100000|100%| O|  |TAMS 0x0000000088100000, 0x0000000088100000| Untracked 
| 129|0x0000000088100000, 0x0000000088200000, 0x0000000088200000|100%|HS|  |TAMS 0x0000000088200000, 0x0000000088200000| Complete 
| 130|0x0000000088200000, 0x0000000088300000, 0x0000000088300000|100%|HS|  |TAMS 0x0000000088300000, 0x0000000088300000| Complete 
| 131|0x0000000088300000, 0x0000000088400000, 0x0000000088400000|100%|HS|  |TAMS 0x0000000088400000, 0x0000000088400000| Complete 
| 132|0x0000000088400000, 0x0000000088500000, 0x0000000088500000|100%|HC|  |TAMS 0x0000000088500000, 0x0000000088500000| Complete 
| 133|0x0000000088500000, 0x0000000088600000, 0x0000000088600000|100%| O|  |TAMS 0x0000000088500000, 0x0000000088600000| Untracked 
| 134|0x0000000088600000, 0x0000000088700000, 0x0000000088700000|100%| O|  |TAMS 0x0000000088600000, 0x0000000088700000| Untracked 
| 135|0x0000000088700000, 0x0000000088800000, 0x0000000088800000|100%| O|  |TAMS 0x0000000088700000, 0x0000000088800000| Untracked 
| 136|0x0000000088800000, 0x0000000088900000, 0x0000000088900000|100%| O|  |TAMS 0x0000000088800000, 0x0000000088900000| Untracked 
| 137|0x0000000088900000, 0x0000000088900000, 0x0000000088a00000|  0%| F|  |TAMS 0x0000000088900000, 0x0000000088900000| Untracked 
| 138|0x0000000088a00000, 0x0000000088b00000, 0x0000000088b00000|100%| O|  |TAMS 0x0000000088b00000, 0x0000000088b00000| Untracked 
| 139|0x0000000088b00000, 0x0000000088c00000, 0x0000000088c00000|100%| O|  |TAMS 0x0000000088c00000, 0x0000000088c00000| Untracked 
| 140|0x0000000088c00000, 0x0000000088d00000, 0x0000000088d00000|100%| O|  |TAMS 0x0000000088d00000, 0x0000000088d00000| Untracked 
| 141|0x0000000088d00000, 0x0000000088e00000, 0x0000000088e00000|100%| O|  |TAMS 0x0000000088e00000, 0x0000000088e00000| Untracked 
| 142|0x0000000088e00000, 0x0000000088e00000, 0x0000000088f00000|  0%| F|  |TAMS 0x0000000088e00000, 0x0000000088e00000| Untracked 
| 143|0x0000000088f00000, 0x0000000089000000, 0x0000000089000000|100%| O|  |TAMS 0x0000000088f00000, 0x0000000089000000| Untracked 
| 144|0x0000000089000000, 0x0000000089100000, 0x0000000089100000|100%| O|  |TAMS 0x0000000089000000, 0x0000000089100000| Untracked 
| 145|0x0000000089100000, 0x0000000089200000, 0x0000000089200000|100%| O|  |TAMS 0x0000000089200000, 0x0000000089200000| Untracked 
| 146|0x0000000089200000, 0x0000000089300000, 0x0000000089300000|100%| O|  |TAMS 0x0000000089300000, 0x0000000089300000| Untracked 
| 147|0x0000000089300000, 0x0000000089400000, 0x0000000089400000|100%| O|  |TAMS 0x0000000089400000, 0x0000000089400000| Untracked 
| 148|0x0000000089400000, 0x0000000089500000, 0x0000000089500000|100%| O|  |TAMS 0x0000000089500000, 0x0000000089500000| Untracked 
| 149|0x0000000089500000, 0x0000000089500000, 0x0000000089600000|  0%| F|  |TAMS 0x0000000089500000, 0x0000000089500000| Untracked 
| 150|0x0000000089600000, 0x0000000089600000, 0x0000000089700000|  0%| F|  |TAMS 0x0000000089600000, 0x0000000089600000| Untracked 
| 151|0x0000000089700000, 0x0000000089800000, 0x0000000089800000|100%| O|  |TAMS 0x0000000089700000, 0x0000000089800000| Untracked 
| 152|0x0000000089800000, 0x0000000089900000, 0x0000000089900000|100%| O|  |TAMS 0x0000000089800000, 0x0000000089900000| Untracked 
| 153|0x0000000089900000, 0x0000000089a00000, 0x0000000089a00000|100%| O|  |TAMS 0x0000000089a00000, 0x0000000089a00000| Untracked 
| 154|0x0000000089a00000, 0x0000000089b00000, 0x0000000089b00000|100%| O|  |TAMS 0x0000000089b00000, 0x0000000089b00000| Untracked 
| 155|0x0000000089b00000, 0x0000000089c00000, 0x0000000089c00000|100%| O|  |TAMS 0x0000000089c00000, 0x0000000089c00000| Untracked 
| 156|0x0000000089c00000, 0x0000000089d00000, 0x0000000089d00000|100%| O|  |TAMS 0x0000000089d00000, 0x0000000089d00000| Untracked 
| 157|0x0000000089d00000, 0x0000000089e00000, 0x0000000089e00000|100%| O|  |TAMS 0x0000000089e00000, 0x0000000089e00000| Untracked 
| 158|0x0000000089e00000, 0x0000000089f00000, 0x0000000089f00000|100%| O|  |TAMS 0x0000000089f00000, 0x0000000089f00000| Untracked 
| 159|0x0000000089f00000, 0x000000008a000000, 0x000000008a000000|100%| O|  |TAMS 0x000000008a000000, 0x000000008a000000| Untracked 
| 160|0x000000008a000000, 0x000000008a100000, 0x000000008a100000|100%| O|  |TAMS 0x000000008a100000, 0x000000008a100000| Untracked 
| 161|0x000000008a100000, 0x000000008a200000, 0x000000008a200000|100%| O|  |TAMS 0x000000008a100000, 0x000000008a200000| Untracked 
| 162|0x000000008a200000, 0x000000008a200000, 0x000000008a300000|  0%| F|  |TAMS 0x000000008a200000, 0x000000008a200000| Untracked 
| 163|0x000000008a300000, 0x000000008a400000, 0x000000008a400000|100%| O|  |TAMS 0x000000008a300000, 0x000000008a400000| Untracked 
| 164|0x000000008a400000, 0x000000008a500000, 0x000000008a500000|100%| O|  |TAMS 0x000000008a500000, 0x000000008a500000| Untracked 
| 165|0x000000008a500000, 0x000000008a600000, 0x000000008a600000|100%| O|  |TAMS 0x000000008a600000, 0x000000008a600000| Untracked 
| 166|0x000000008a600000, 0x000000008a700000, 0x000000008a700000|100%| O|  |TAMS 0x000000008a700000, 0x000000008a700000| Untracked 
| 167|0x000000008a700000, 0x000000008a800000, 0x000000008a800000|100%| O|  |TAMS 0x000000008a800000, 0x000000008a800000| Untracked 
| 168|0x000000008a800000, 0x000000008a900000, 0x000000008a900000|100%| O|  |TAMS 0x000000008a900000, 0x000000008a900000| Untracked 
| 169|0x000000008a900000, 0x000000008aa00000, 0x000000008aa00000|100%| O|  |TAMS 0x000000008a900000, 0x000000008aa00000| Untracked 
| 170|0x000000008aa00000, 0x000000008ab00000, 0x000000008ab00000|100%| O|  |TAMS 0x000000008ab00000, 0x000000008ab00000| Untracked 
| 171|0x000000008ab00000, 0x000000008ac00000, 0x000000008ac00000|100%|HS|  |TAMS 0x000000008ac00000, 0x000000008ac00000| Complete 
| 172|0x000000008ac00000, 0x000000008ad00000, 0x000000008ad00000|100%| O|  |TAMS 0x000000008ad00000, 0x000000008ad00000| Untracked 
| 173|0x000000008ad00000, 0x000000008ae00000, 0x000000008ae00000|100%| O|  |TAMS 0x000000008ad00000, 0x000000008ae00000| Untracked 
| 174|0x000000008ae00000, 0x000000008af00000, 0x000000008af00000|100%| O|  |TAMS 0x000000008af00000, 0x000000008af00000| Untracked 
| 175|0x000000008af00000, 0x000000008b000000, 0x000000008b000000|100%| O|  |TAMS 0x000000008b000000, 0x000000008b000000| Untracked 
| 176|0x000000008b000000, 0x000000008b100000, 0x000000008b100000|100%| O|  |TAMS 0x000000008b000000, 0x000000008b100000| Untracked 
| 177|0x000000008b100000, 0x000000008b200000, 0x000000008b200000|100%| O|  |TAMS 0x000000008b200000, 0x000000008b200000| Untracked 
| 178|0x000000008b200000, 0x000000008b200000, 0x000000008b300000|  0%| F|  |TAMS 0x000000008b200000, 0x000000008b200000| Untracked 
| 179|0x000000008b300000, 0x000000008b300000, 0x000000008b400000|  0%| F|  |TAMS 0x000000008b300000, 0x000000008b300000| Untracked 
| 180|0x000000008b400000, 0x000000008b500000, 0x000000008b500000|100%| O|  |TAMS 0x000000008b500000, 0x000000008b500000| Untracked 
| 181|0x000000008b500000, 0x000000008b600000, 0x000000008b600000|100%| O|  |TAMS 0x000000008b600000, 0x000000008b600000| Untracked 
| 182|0x000000008b600000, 0x000000008b700000, 0x000000008b700000|100%| O|  |TAMS 0x000000008b700000, 0x000000008b700000| Untracked 
| 183|0x000000008b700000, 0x000000008b800000, 0x000000008b800000|100%| O|  |TAMS 0x000000008b800000, 0x000000008b800000| Untracked 
| 184|0x000000008b800000, 0x000000008b900000, 0x000000008b900000|100%| O|  |TAMS 0x000000008b900000, 0x000000008b900000| Untracked 
| 185|0x000000008b900000, 0x000000008ba00000, 0x000000008ba00000|100%| O|  |TAMS 0x000000008ba00000, 0x000000008ba00000| Untracked 
| 186|0x000000008ba00000, 0x000000008bb00000, 0x000000008bb00000|100%| O|  |TAMS 0x000000008bb00000, 0x000000008bb00000| Untracked 
| 187|0x000000008bb00000, 0x000000008bc00000, 0x000000008bc00000|100%| O|  |TAMS 0x000000008bc00000, 0x000000008bc00000| Untracked 
| 188|0x000000008bc00000, 0x000000008bd00000, 0x000000008bd00000|100%|HS|  |TAMS 0x000000008bd00000, 0x000000008bd00000| Complete 
| 189|0x000000008bd00000, 0x000000008be00000, 0x000000008be00000|100%|HS|  |TAMS 0x000000008be00000, 0x000000008be00000| Complete 
| 190|0x000000008be00000, 0x000000008bf00000, 0x000000008bf00000|100%|HS|  |TAMS 0x000000008bf00000, 0x000000008bf00000| Complete 
| 191|0x000000008bf00000, 0x000000008c000000, 0x000000008c000000|100%| O|  |TAMS 0x000000008c000000, 0x000000008c000000| Untracked 
| 192|0x000000008c000000, 0x000000008c100000, 0x000000008c100000|100%| O|  |TAMS 0x000000008c000000, 0x000000008c100000| Untracked 
| 193|0x000000008c100000, 0x000000008c200000, 0x000000008c200000|100%| O|  |TAMS 0x000000008c100000, 0x000000008c200000| Untracked 
| 194|0x000000008c200000, 0x000000008c300000, 0x000000008c300000|100%| O|  |TAMS 0x000000008c300000, 0x000000008c300000| Untracked 
| 195|0x000000008c300000, 0x000000008c400000, 0x000000008c400000|100%| O|  |TAMS 0x000000008c400000, 0x000000008c400000| Untracked 
| 196|0x000000008c400000, 0x000000008c500000, 0x000000008c500000|100%| O|  |TAMS 0x000000008c500000, 0x000000008c500000| Untracked 
| 197|0x000000008c500000, 0x000000008c600000, 0x000000008c600000|100%| O|  |TAMS 0x000000008c500000, 0x000000008c600000| Untracked 
| 198|0x000000008c600000, 0x000000008c600000, 0x000000008c700000|  0%| F|  |TAMS 0x000000008c600000, 0x000000008c600000| Untracked 
| 199|0x000000008c700000, 0x000000008c800000, 0x000000008c800000|100%| O|  |TAMS 0x000000008c700000, 0x000000008c800000| Untracked 
| 200|0x000000008c800000, 0x000000008c800000, 0x000000008c900000|  0%| F|  |TAMS 0x000000008c800000, 0x000000008c800000| Untracked 
| 201|0x000000008c900000, 0x000000008ca00000, 0x000000008ca00000|100%|HS|  |TAMS 0x000000008ca00000, 0x000000008ca00000| Complete 
| 202|0x000000008ca00000, 0x000000008ca00000, 0x000000008cb00000|  0%| F|  |TAMS 0x000000008ca00000, 0x000000008ca00000| Untracked 
| 203|0x000000008cb00000, 0x000000008cc00000, 0x000000008cc00000|100%| O|  |TAMS 0x000000008cc00000, 0x000000008cc00000| Untracked 
| 204|0x000000008cc00000, 0x000000008cd00000, 0x000000008cd00000|100%| O|  |TAMS 0x000000008cd00000, 0x000000008cd00000| Untracked 
| 205|0x000000008cd00000, 0x000000008ce00000, 0x000000008ce00000|100%|HS|  |TAMS 0x000000008ce00000, 0x000000008ce00000| Complete 
| 206|0x000000008ce00000, 0x000000008cf00000, 0x000000008cf00000|100%|HS|  |TAMS 0x000000008cf00000, 0x000000008cf00000| Complete 
| 207|0x000000008cf00000, 0x000000008d000000, 0x000000008d000000|100%| O|  |TAMS 0x000000008d000000, 0x000000008d000000| Untracked 
| 208|0x000000008d000000, 0x000000008d000000, 0x000000008d100000|  0%| F|  |TAMS 0x000000008d000000, 0x000000008d000000| Untracked 
| 209|0x000000008d100000, 0x000000008d100000, 0x000000008d200000|  0%| F|  |TAMS 0x000000008d100000, 0x000000008d100000| Untracked 
| 210|0x000000008d200000, 0x000000008d300000, 0x000000008d300000|100%| O|  |TAMS 0x000000008d300000, 0x000000008d300000| Untracked 
| 211|0x000000008d300000, 0x000000008d400000, 0x000000008d400000|100%| O|  |TAMS 0x000000008d400000, 0x000000008d400000| Untracked 
| 212|0x000000008d400000, 0x000000008d500000, 0x000000008d500000|100%| O|  |TAMS 0x000000008d500000, 0x000000008d500000| Untracked 
| 213|0x000000008d500000, 0x000000008d600000, 0x000000008d600000|100%| O|  |TAMS 0x000000008d500000, 0x000000008d600000| Untracked 
| 214|0x000000008d600000, 0x000000008d700000, 0x000000008d700000|100%| O|  |TAMS 0x000000008d700000, 0x000000008d700000| Untracked 
| 215|0x000000008d700000, 0x000000008d800000, 0x000000008d800000|100%| O|  |TAMS 0x000000008d800000, 0x000000008d800000| Untracked 
| 216|0x000000008d800000, 0x000000008d900000, 0x000000008d900000|100%| O|  |TAMS 0x000000008d900000, 0x000000008d900000| Untracked 
| 217|0x000000008d900000, 0x000000008da00000, 0x000000008da00000|100%| O|  |TAMS 0x000000008d900000, 0x000000008da00000| Untracked 
| 218|0x000000008da00000, 0x000000008db00000, 0x000000008db00000|100%| O|  |TAMS 0x000000008db00000, 0x000000008db00000| Untracked 
| 219|0x000000008db00000, 0x000000008dc00000, 0x000000008dc00000|100%| O|  |TAMS 0x000000008dc00000, 0x000000008dc00000| Untracked 
| 220|0x000000008dc00000, 0x000000008dc00000, 0x000000008dd00000|  0%| F|  |TAMS 0x000000008dc00000, 0x000000008dc00000| Untracked 
| 221|0x000000008dd00000, 0x000000008de00000, 0x000000008de00000|100%| O|  |TAMS 0x000000008dd00000, 0x000000008de00000| Untracked 
| 222|0x000000008de00000, 0x000000008de00000, 0x000000008df00000|  0%| F|  |TAMS 0x000000008de00000, 0x000000008de00000| Untracked 
| 223|0x000000008df00000, 0x000000008e000000, 0x000000008e000000|100%| O|  |TAMS 0x000000008e000000, 0x000000008e000000| Untracked 
| 224|0x000000008e000000, 0x000000008e000000, 0x000000008e100000|  0%| F|  |TAMS 0x000000008e000000, 0x000000008e000000| Untracked 
| 225|0x000000008e100000, 0x000000008e200000, 0x000000008e200000|100%|HS|  |TAMS 0x000000008e200000, 0x000000008e200000| Complete 
| 226|0x000000008e200000, 0x000000008e300000, 0x000000008e300000|100%|HS|  |TAMS 0x000000008e300000, 0x000000008e300000| Complete 
| 227|0x000000008e300000, 0x000000008e400000, 0x000000008e400000|100%|HS|  |TAMS 0x000000008e400000, 0x000000008e400000| Complete 
| 228|0x000000008e400000, 0x000000008e500000, 0x000000008e500000|100%| O|  |TAMS 0x000000008e500000, 0x000000008e500000| Untracked 
| 229|0x000000008e500000, 0x000000008e600000, 0x000000008e600000|100%| O|  |TAMS 0x000000008e600000, 0x000000008e600000| Untracked 
| 230|0x000000008e600000, 0x000000008e700000, 0x000000008e700000|100%| O|  |TAMS 0x000000008e700000, 0x000000008e700000| Untracked 
| 231|0x000000008e700000, 0x000000008e800000, 0x000000008e800000|100%| O|  |TAMS 0x000000008e800000, 0x000000008e800000| Untracked 
| 232|0x000000008e800000, 0x000000008e900000, 0x000000008e900000|100%| O|  |TAMS 0x000000008e800000, 0x000000008e900000| Untracked 
| 233|0x000000008e900000, 0x000000008ea00000, 0x000000008ea00000|100%| O|  |TAMS 0x000000008ea00000, 0x000000008ea00000| Untracked 
| 234|0x000000008ea00000, 0x000000008eb00000, 0x000000008eb00000|100%| O|  |TAMS 0x000000008eb00000, 0x000000008eb00000| Untracked 
| 235|0x000000008eb00000, 0x000000008eb00000, 0x000000008ec00000|  0%| F|  |TAMS 0x000000008eb00000, 0x000000008eb00000| Untracked 
| 236|0x000000008ec00000, 0x000000008ec00000, 0x000000008ed00000|  0%| F|  |TAMS 0x000000008ec00000, 0x000000008ec00000| Untracked 
| 237|0x000000008ed00000, 0x000000008ed00000, 0x000000008ee00000|  0%| F|  |TAMS 0x000000008ed00000, 0x000000008ed00000| Untracked 
| 238|0x000000008ee00000, 0x000000008ee00000, 0x000000008ef00000|  0%| F|  |TAMS 0x000000008ee00000, 0x000000008ee00000| Untracked 
| 239|0x000000008ef00000, 0x000000008f000000, 0x000000008f000000|100%| O|  |TAMS 0x000000008f000000, 0x000000008f000000| Untracked 
| 240|0x000000008f000000, 0x000000008f000000, 0x000000008f100000|  0%| F|  |TAMS 0x000000008f000000, 0x000000008f000000| Untracked 
| 241|0x000000008f100000, 0x000000008f200000, 0x000000008f200000|100%| O|  |TAMS 0x000000008f200000, 0x000000008f200000| Untracked 
| 242|0x000000008f200000, 0x000000008f300000, 0x000000008f300000|100%| O|  |TAMS 0x000000008f300000, 0x000000008f300000| Untracked 
| 243|0x000000008f300000, 0x000000008f300000, 0x000000008f400000|  0%| F|  |TAMS 0x000000008f300000, 0x000000008f300000| Untracked 
| 244|0x000000008f400000, 0x000000008f400000, 0x000000008f500000|  0%| F|  |TAMS 0x000000008f400000, 0x000000008f400000| Untracked 
| 245|0x000000008f500000, 0x000000008f500000, 0x000000008f600000|  0%| F|  |TAMS 0x000000008f500000, 0x000000008f500000| Untracked 
| 246|0x000000008f600000, 0x000000008f600000, 0x000000008f700000|  0%| F|  |TAMS 0x000000008f600000, 0x000000008f600000| Untracked 
| 247|0x000000008f700000, 0x000000008f700000, 0x000000008f800000|  0%| F|  |TAMS 0x000000008f700000, 0x000000008f700000| Untracked 
| 248|0x000000008f800000, 0x000000008f800000, 0x000000008f900000|  0%| F|  |TAMS 0x000000008f800000, 0x000000008f800000| Untracked 
| 249|0x000000008f900000, 0x000000008f900000, 0x000000008fa00000|  0%| F|  |TAMS 0x000000008f900000, 0x000000008f900000| Untracked 
| 250|0x000000008fa00000, 0x000000008fa00000, 0x000000008fb00000|  0%| F|  |TAMS 0x000000008fa00000, 0x000000008fa00000| Untracked 
| 251|0x000000008fb00000, 0x000000008fb00000, 0x000000008fc00000|  0%| F|  |TAMS 0x000000008fb00000, 0x000000008fb00000| Untracked 
| 252|0x000000008fc00000, 0x000000008fd00000, 0x000000008fd00000|100%| O|  |TAMS 0x000000008fc00000, 0x000000008fd00000| Untracked 
| 253|0x000000008fd00000, 0x000000008fd00000, 0x000000008fe00000|  0%| F|  |TAMS 0x000000008fd00000, 0x000000008fd00000| Untracked 
| 254|0x000000008fe00000, 0x000000008fe00000, 0x000000008ff00000|  0%| F|  |TAMS 0x000000008fe00000, 0x000000008fe00000| Untracked 
| 255|0x000000008ff00000, 0x000000008ff00000, 0x0000000090000000|  0%| F|  |TAMS 0x000000008ff00000, 0x000000008ff00000| Untracked 
| 256|0x0000000090000000, 0x0000000090000000, 0x0000000090100000|  0%| F|  |TAMS 0x0000000090000000, 0x0000000090000000| Untracked 
| 257|0x0000000090100000, 0x0000000090200000, 0x0000000090200000|100%| O|  |TAMS 0x0000000090100000, 0x0000000090200000| Untracked 
| 258|0x0000000090200000, 0x0000000090200000, 0x0000000090300000|  0%| F|  |TAMS 0x0000000090200000, 0x0000000090200000| Untracked 
| 259|0x0000000090300000, 0x0000000090300000, 0x0000000090400000|  0%| F|  |TAMS 0x0000000090300000, 0x0000000090300000| Untracked 
| 260|0x0000000090400000, 0x0000000090500000, 0x0000000090500000|100%| O|  |TAMS 0x0000000090400000, 0x0000000090500000| Untracked 
| 261|0x0000000090500000, 0x0000000090500000, 0x0000000090600000|  0%| F|  |TAMS 0x0000000090500000, 0x0000000090500000| Untracked 
| 262|0x0000000090600000, 0x0000000090600000, 0x0000000090700000|  0%| F|  |TAMS 0x0000000090600000, 0x0000000090600000| Untracked 
| 263|0x0000000090700000, 0x0000000090700000, 0x0000000090800000|  0%| F|  |TAMS 0x0000000090700000, 0x0000000090700000| Untracked 
| 264|0x0000000090800000, 0x0000000090800000, 0x0000000090900000|  0%| F|  |TAMS 0x0000000090800000, 0x0000000090800000| Untracked 
| 265|0x0000000090900000, 0x0000000090a00000, 0x0000000090a00000|100%| O|  |TAMS 0x0000000090a00000, 0x0000000090a00000| Untracked 
| 266|0x0000000090a00000, 0x0000000090b00000, 0x0000000090b00000|100%| O|  |TAMS 0x0000000090b00000, 0x0000000090b00000| Untracked 
| 267|0x0000000090b00000, 0x0000000090c00000, 0x0000000090c00000|100%| O|  |TAMS 0x0000000090c00000, 0x0000000090c00000| Untracked 
| 268|0x0000000090c00000, 0x0000000090c00000, 0x0000000090d00000|  0%| F|  |TAMS 0x0000000090c00000, 0x0000000090c00000| Untracked 
| 269|0x0000000090d00000, 0x0000000090d00000, 0x0000000090e00000|  0%| F|  |TAMS 0x0000000090d00000, 0x0000000090d00000| Untracked 
| 270|0x0000000090e00000, 0x0000000090e00000, 0x0000000090f00000|  0%| F|  |TAMS 0x0000000090e00000, 0x0000000090e00000| Untracked 
| 271|0x0000000090f00000, 0x0000000090f00000, 0x0000000091000000|  0%| F|  |TAMS 0x0000000090f00000, 0x0000000090f00000| Untracked 
| 272|0x0000000091000000, 0x0000000091100000, 0x0000000091100000|100%| O|  |TAMS 0x0000000091100000, 0x0000000091100000| Untracked 
| 273|0x0000000091100000, 0x0000000091200000, 0x0000000091200000|100%| O|  |TAMS 0x0000000091200000, 0x0000000091200000| Untracked 
| 274|0x0000000091200000, 0x0000000091300000, 0x0000000091300000|100%| O|  |TAMS 0x0000000091300000, 0x0000000091300000| Untracked 
| 275|0x0000000091300000, 0x0000000091400000, 0x0000000091400000|100%| O|  |TAMS 0x0000000091300000, 0x0000000091400000| Untracked 
| 276|0x0000000091400000, 0x0000000091500000, 0x0000000091500000|100%| O|  |TAMS 0x0000000091400000, 0x0000000091500000| Untracked 
| 277|0x0000000091500000, 0x0000000091600000, 0x0000000091600000|100%| O|  |TAMS 0x0000000091600000, 0x0000000091600000| Untracked 
| 278|0x0000000091600000, 0x0000000091700000, 0x0000000091700000|100%| O|  |TAMS 0x0000000091700000, 0x0000000091700000| Untracked 
| 279|0x0000000091700000, 0x0000000091800000, 0x0000000091800000|100%| O|  |TAMS 0x0000000091800000, 0x0000000091800000| Untracked 
| 280|0x0000000091800000, 0x0000000091900000, 0x0000000091900000|100%| O|  |TAMS 0x0000000091900000, 0x0000000091900000| Untracked 
| 281|0x0000000091900000, 0x0000000091a00000, 0x0000000091a00000|100%| O|  |TAMS 0x0000000091a00000, 0x0000000091a00000| Untracked 
| 282|0x0000000091a00000, 0x0000000091b00000, 0x0000000091b00000|100%| O|  |TAMS 0x0000000091b00000, 0x0000000091b00000| Untracked 
| 283|0x0000000091b00000, 0x0000000091c00000, 0x0000000091c00000|100%| O|  |TAMS 0x0000000091c00000, 0x0000000091c00000| Untracked 
| 284|0x0000000091c00000, 0x0000000091c00000, 0x0000000091d00000|  0%| F|  |TAMS 0x0000000091c00000, 0x0000000091c00000| Untracked 
| 285|0x0000000091d00000, 0x0000000091d00000, 0x0000000091e00000|  0%| F|  |TAMS 0x0000000091d00000, 0x0000000091d00000| Untracked 
| 286|0x0000000091e00000, 0x0000000091e00000, 0x0000000091f00000|  0%| F|  |TAMS 0x0000000091e00000, 0x0000000091e00000| Untracked 
| 287|0x0000000091f00000, 0x0000000091f00000, 0x0000000092000000|  0%| F|  |TAMS 0x0000000091f00000, 0x0000000091f00000| Untracked 
| 288|0x0000000092000000, 0x0000000092000000, 0x0000000092100000|  0%| F|  |TAMS 0x0000000092000000, 0x0000000092000000| Untracked 
| 289|0x0000000092100000, 0x0000000092100000, 0x0000000092200000|  0%| F|  |TAMS 0x0000000092100000, 0x0000000092100000| Untracked 
| 290|0x0000000092200000, 0x0000000092200000, 0x0000000092300000|  0%| F|  |TAMS 0x0000000092200000, 0x0000000092200000| Untracked 
| 291|0x0000000092300000, 0x0000000092400000, 0x0000000092400000|100%| O|  |TAMS 0x0000000092300000, 0x0000000092400000| Untracked 
| 292|0x0000000092400000, 0x0000000092500000, 0x0000000092500000|100%| O|  |TAMS 0x0000000092500000, 0x0000000092500000| Untracked 
| 293|0x0000000092500000, 0x0000000092600000, 0x0000000092600000|100%| O|  |TAMS 0x0000000092600000, 0x0000000092600000| Untracked 
| 294|0x0000000092600000, 0x0000000092600000, 0x0000000092700000|  0%| F|  |TAMS 0x0000000092600000, 0x0000000092600000| Untracked 
| 295|0x0000000092700000, 0x0000000092700000, 0x0000000092800000|  0%| F|  |TAMS 0x0000000092700000, 0x0000000092700000| Untracked 
| 296|0x0000000092800000, 0x0000000092900000, 0x0000000092900000|100%| O|  |TAMS 0x0000000092900000, 0x0000000092900000| Untracked 
| 297|0x0000000092900000, 0x0000000092a00000, 0x0000000092a00000|100%| O|  |TAMS 0x00000000929b4c00, 0x0000000092a00000| Untracked 
| 298|0x0000000092a00000, 0x0000000092b00000, 0x0000000092b00000|100%| O|  |TAMS 0x0000000092a00000, 0x0000000092b00000| Untracked 
| 299|0x0000000092b00000, 0x0000000092c00000, 0x0000000092c00000|100%| O|  |TAMS 0x0000000092b00000, 0x0000000092c00000| Untracked 
| 300|0x0000000092c00000, 0x0000000092d00000, 0x0000000092d00000|100%| O|  |TAMS 0x0000000092c00000, 0x0000000092d00000| Untracked 
| 301|0x0000000092d00000, 0x0000000092e00000, 0x0000000092e00000|100%| O|  |TAMS 0x0000000092d00000, 0x0000000092e00000| Untracked 
| 302|0x0000000092e00000, 0x0000000092f00000, 0x0000000092f00000|100%| O|  |TAMS 0x0000000092e00000, 0x0000000092f00000| Untracked 
| 303|0x0000000092f00000, 0x0000000093000000, 0x0000000093000000|100%| O|  |TAMS 0x0000000093000000, 0x0000000093000000| Untracked 
| 304|0x0000000093000000, 0x0000000093100000, 0x0000000093100000|100%| O|  |TAMS 0x0000000093100000, 0x0000000093100000| Untracked 
| 305|0x0000000093100000, 0x0000000093200000, 0x0000000093200000|100%| O|  |TAMS 0x0000000093200000, 0x0000000093200000| Untracked 
| 306|0x0000000093200000, 0x0000000093300000, 0x0000000093300000|100%| O|  |TAMS 0x0000000093200000, 0x0000000093300000| Untracked 
| 307|0x0000000093300000, 0x0000000093400000, 0x0000000093400000|100%| O|  |TAMS 0x0000000093400000, 0x0000000093400000| Untracked 
| 308|0x0000000093400000, 0x0000000093500000, 0x0000000093500000|100%| O|  |TAMS 0x0000000093500000, 0x0000000093500000| Untracked 
| 309|0x0000000093500000, 0x0000000093600000, 0x0000000093600000|100%| O|  |TAMS 0x0000000093500000, 0x0000000093600000| Untracked 
| 310|0x0000000093600000, 0x0000000093700000, 0x0000000093700000|100%| O|  |TAMS 0x0000000093600000, 0x0000000093700000| Untracked 
| 311|0x0000000093700000, 0x0000000093800000, 0x0000000093800000|100%| O|  |TAMS 0x0000000093700000, 0x0000000093800000| Untracked 
| 312|0x0000000093800000, 0x0000000093900000, 0x0000000093900000|100%| O|  |TAMS 0x0000000093800000, 0x0000000093900000| Untracked 
| 313|0x0000000093900000, 0x0000000093a00000, 0x0000000093a00000|100%| O|  |TAMS 0x0000000093900000, 0x0000000093a00000| Untracked 
| 314|0x0000000093a00000, 0x0000000093b00000, 0x0000000093b00000|100%| O|  |TAMS 0x0000000093a00000, 0x0000000093b00000| Untracked 
| 315|0x0000000093b00000, 0x0000000093c00000, 0x0000000093c00000|100%| O|  |TAMS 0x0000000093b00000, 0x0000000093c00000| Untracked 
| 316|0x0000000093c00000, 0x0000000093d00000, 0x0000000093d00000|100%| O|  |TAMS 0x0000000093c00000, 0x0000000093d00000| Untracked 
| 317|0x0000000093d00000, 0x0000000093e00000, 0x0000000093e00000|100%| O|  |TAMS 0x0000000093d00000, 0x0000000093e00000| Untracked 
| 318|0x0000000093e00000, 0x0000000093f00000, 0x0000000093f00000|100%| O|  |TAMS 0x0000000093e00000, 0x0000000093f00000| Untracked 
| 319|0x0000000093f00000, 0x0000000094000000, 0x0000000094000000|100%| O|  |TAMS 0x0000000093f00000, 0x0000000094000000| Untracked 
| 320|0x0000000094000000, 0x0000000094100000, 0x0000000094100000|100%| O|  |TAMS 0x0000000094000000, 0x0000000094100000| Untracked 
| 321|0x0000000094100000, 0x0000000094200000, 0x0000000094200000|100%| O|  |TAMS 0x0000000094100000, 0x0000000094200000| Untracked 
| 322|0x0000000094200000, 0x0000000094300000, 0x0000000094300000|100%| O|  |TAMS 0x0000000094200000, 0x0000000094300000| Untracked 
| 323|0x0000000094300000, 0x0000000094400000, 0x0000000094400000|100%| O|  |TAMS 0x0000000094300000, 0x0000000094400000| Untracked 
| 324|0x0000000094400000, 0x0000000094500000, 0x0000000094500000|100%| O|  |TAMS 0x0000000094400000, 0x0000000094500000| Untracked 
| 325|0x0000000094500000, 0x0000000094600000, 0x0000000094600000|100%| O|  |TAMS 0x0000000094500000, 0x0000000094600000| Untracked 
| 326|0x0000000094600000, 0x0000000094700000, 0x0000000094700000|100%| O|  |TAMS 0x0000000094600000, 0x0000000094700000| Untracked 
| 327|0x0000000094700000, 0x0000000094800000, 0x0000000094800000|100%| O|  |TAMS 0x0000000094800000, 0x0000000094800000| Untracked 
| 328|0x0000000094800000, 0x0000000094900000, 0x0000000094900000|100%| O|  |TAMS 0x0000000094900000, 0x0000000094900000| Untracked 
| 329|0x0000000094900000, 0x0000000094a00000, 0x0000000094a00000|100%| O|  |TAMS 0x0000000094900000, 0x0000000094a00000| Untracked 
| 330|0x0000000094a00000, 0x0000000094b00000, 0x0000000094b00000|100%| O|  |TAMS 0x0000000094a00000, 0x0000000094b00000| Untracked 
| 331|0x0000000094b00000, 0x0000000094c00000, 0x0000000094c00000|100%| O|  |TAMS 0x0000000094b00000, 0x0000000094c00000| Untracked 
| 332|0x0000000094c00000, 0x0000000094d00000, 0x0000000094d00000|100%| O|  |TAMS 0x0000000094c00000, 0x0000000094d00000| Untracked 
| 333|0x0000000094d00000, 0x0000000094e00000, 0x0000000094e00000|100%| O|  |TAMS 0x0000000094e00000, 0x0000000094e00000| Untracked 
| 334|0x0000000094e00000, 0x0000000094f00000, 0x0000000094f00000|100%| O|  |TAMS 0x0000000094e00000, 0x0000000094f00000| Untracked 
| 335|0x0000000094f00000, 0x0000000095000000, 0x0000000095000000|100%| O|  |TAMS 0x0000000094f00000, 0x0000000095000000| Untracked 
| 336|0x0000000095000000, 0x0000000095100000, 0x0000000095100000|100%| O|  |TAMS 0x0000000095000000, 0x0000000095100000| Untracked 
| 337|0x0000000095100000, 0x0000000095200000, 0x0000000095200000|100%| O|  |TAMS 0x0000000095100000, 0x0000000095200000| Untracked 
| 338|0x0000000095200000, 0x0000000095300000, 0x0000000095300000|100%| O|  |TAMS 0x0000000095200000, 0x0000000095300000| Untracked 
| 339|0x0000000095300000, 0x0000000095400000, 0x0000000095400000|100%| O|  |TAMS 0x0000000095300000, 0x0000000095400000| Untracked 
| 340|0x0000000095400000, 0x0000000095500000, 0x0000000095500000|100%| O|  |TAMS 0x0000000095400000, 0x0000000095500000| Untracked 
| 341|0x0000000095500000, 0x0000000095600000, 0x0000000095600000|100%| O|  |TAMS 0x0000000095500000, 0x0000000095600000| Untracked 
| 342|0x0000000095600000, 0x0000000095676800, 0x0000000095700000| 46%| O|  |TAMS 0x0000000095600000, 0x0000000095676800| Untracked 
| 343|0x0000000095700000, 0x0000000095700000, 0x0000000095800000|  0%| F|  |TAMS 0x0000000095700000, 0x0000000095700000| Untracked 
| 344|0x0000000095800000, 0x0000000095800000, 0x0000000095900000|  0%| F|  |TAMS 0x0000000095800000, 0x0000000095800000| Untracked 
| 345|0x0000000095900000, 0x0000000095900000, 0x0000000095a00000|  0%| F|  |TAMS 0x0000000095900000, 0x0000000095900000| Untracked 
| 346|0x0000000095a00000, 0x0000000095a00000, 0x0000000095b00000|  0%| F|  |TAMS 0x0000000095a00000, 0x0000000095a00000| Untracked 
| 347|0x0000000095b00000, 0x0000000095b00000, 0x0000000095c00000|  0%| F|  |TAMS 0x0000000095b00000, 0x0000000095b00000| Untracked 
| 348|0x0000000095c00000, 0x0000000095c00000, 0x0000000095d00000|  0%| F|  |TAMS 0x0000000095c00000, 0x0000000095c00000| Untracked 
| 349|0x0000000095d00000, 0x0000000095d00000, 0x0000000095e00000|  0%| F|  |TAMS 0x0000000095d00000, 0x0000000095d00000| Untracked 
| 350|0x0000000095e00000, 0x0000000095e00000, 0x0000000095f00000|  0%| F|  |TAMS 0x0000000095e00000, 0x0000000095e00000| Untracked 
| 351|0x0000000095f00000, 0x0000000095f00000, 0x0000000096000000|  0%| F|  |TAMS 0x0000000095f00000, 0x0000000095f00000| Untracked 
| 352|0x0000000096000000, 0x0000000096000000, 0x0000000096100000|  0%| F|  |TAMS 0x0000000096000000, 0x0000000096000000| Untracked 
| 353|0x0000000096100000, 0x0000000096100000, 0x0000000096200000|  0%| F|  |TAMS 0x0000000096100000, 0x0000000096100000| Untracked 
| 354|0x0000000096200000, 0x0000000096200000, 0x0000000096300000|  0%| F|  |TAMS 0x0000000096200000, 0x0000000096200000| Untracked 
| 355|0x0000000096300000, 0x0000000096300000, 0x0000000096400000|  0%| F|  |TAMS 0x0000000096300000, 0x0000000096300000| Untracked 
| 356|0x0000000096400000, 0x0000000096400000, 0x0000000096500000|  0%| F|  |TAMS 0x0000000096400000, 0x0000000096400000| Untracked 
| 357|0x0000000096500000, 0x0000000096500000, 0x0000000096600000|  0%| F|  |TAMS 0x0000000096500000, 0x0000000096500000| Untracked 
| 358|0x0000000096600000, 0x0000000096600000, 0x0000000096700000|  0%| F|  |TAMS 0x0000000096600000, 0x0000000096600000| Untracked 
| 359|0x0000000096700000, 0x0000000096700000, 0x0000000096800000|  0%| F|  |TAMS 0x0000000096700000, 0x0000000096700000| Untracked 
| 360|0x0000000096800000, 0x0000000096800000, 0x0000000096900000|  0%| F|  |TAMS 0x0000000096800000, 0x0000000096800000| Untracked 
| 361|0x0000000096900000, 0x0000000096900000, 0x0000000096a00000|  0%| F|  |TAMS 0x0000000096900000, 0x0000000096900000| Untracked 
| 362|0x0000000096a00000, 0x0000000096a00000, 0x0000000096b00000|  0%| F|  |TAMS 0x0000000096a00000, 0x0000000096a00000| Untracked 
| 363|0x0000000096b00000, 0x0000000096b00000, 0x0000000096c00000|  0%| F|  |TAMS 0x0000000096b00000, 0x0000000096b00000| Untracked 
| 364|0x0000000096c00000, 0x0000000096c00000, 0x0000000096d00000|  0%| F|  |TAMS 0x0000000096c00000, 0x0000000096c00000| Untracked 
| 365|0x0000000096d00000, 0x0000000096d00000, 0x0000000096e00000|  0%| F|  |TAMS 0x0000000096d00000, 0x0000000096d00000| Untracked 
| 366|0x0000000096e00000, 0x0000000096e00000, 0x0000000096f00000|  0%| F|  |TAMS 0x0000000096e00000, 0x0000000096e00000| Untracked 
| 367|0x0000000096f00000, 0x0000000096f00000, 0x0000000097000000|  0%| F|  |TAMS 0x0000000096f00000, 0x0000000096f00000| Untracked 
| 368|0x0000000097000000, 0x0000000097000000, 0x0000000097100000|  0%| F|  |TAMS 0x0000000097000000, 0x0000000097000000| Untracked 
| 369|0x0000000097100000, 0x0000000097100000, 0x0000000097200000|  0%| F|  |TAMS 0x0000000097100000, 0x0000000097100000| Untracked 
| 370|0x0000000097200000, 0x0000000097200000, 0x0000000097300000|  0%| F|  |TAMS 0x0000000097200000, 0x0000000097200000| Untracked 
| 371|0x0000000097300000, 0x0000000097300000, 0x0000000097400000|  0%| F|  |TAMS 0x0000000097300000, 0x0000000097300000| Untracked 
| 372|0x0000000097400000, 0x0000000097400000, 0x0000000097500000|  0%| F|  |TAMS 0x0000000097400000, 0x0000000097400000| Untracked 
| 373|0x0000000097500000, 0x0000000097500000, 0x0000000097600000|  0%| F|  |TAMS 0x0000000097500000, 0x0000000097500000| Untracked 
| 374|0x0000000097600000, 0x0000000097600000, 0x0000000097700000|  0%| F|  |TAMS 0x0000000097600000, 0x0000000097600000| Untracked 
| 375|0x0000000097700000, 0x0000000097700000, 0x0000000097800000|  0%| F|  |TAMS 0x0000000097700000, 0x0000000097700000| Untracked 
| 376|0x0000000097800000, 0x0000000097800000, 0x0000000097900000|  0%| F|  |TAMS 0x0000000097800000, 0x0000000097800000| Untracked 
| 377|0x0000000097900000, 0x0000000097900000, 0x0000000097a00000|  0%| F|  |TAMS 0x0000000097900000, 0x0000000097900000| Untracked 
| 378|0x0000000097a00000, 0x0000000097a00000, 0x0000000097b00000|  0%| F|  |TAMS 0x0000000097a00000, 0x0000000097a00000| Untracked 
| 379|0x0000000097b00000, 0x0000000097b00000, 0x0000000097c00000|  0%| F|  |TAMS 0x0000000097b00000, 0x0000000097b00000| Untracked 
| 380|0x0000000097c00000, 0x0000000097c00000, 0x0000000097d00000|  0%| F|  |TAMS 0x0000000097c00000, 0x0000000097c00000| Untracked 
| 381|0x0000000097d00000, 0x0000000097d00000, 0x0000000097e00000|  0%| F|  |TAMS 0x0000000097d00000, 0x0000000097d00000| Untracked 
| 382|0x0000000097e00000, 0x0000000097e00000, 0x0000000097f00000|  0%| F|  |TAMS 0x0000000097e00000, 0x0000000097e00000| Untracked 
| 383|0x0000000097f00000, 0x0000000097f00000, 0x0000000098000000|  0%| F|  |TAMS 0x0000000097f00000, 0x0000000097f00000| Untracked 
| 384|0x0000000098000000, 0x0000000098000000, 0x0000000098100000|  0%| F|  |TAMS 0x0000000098000000, 0x0000000098000000| Untracked 
| 385|0x0000000098100000, 0x0000000098100000, 0x0000000098200000|  0%| F|  |TAMS 0x0000000098100000, 0x0000000098100000| Untracked 
| 386|0x0000000098200000, 0x0000000098200000, 0x0000000098300000|  0%| F|  |TAMS 0x0000000098200000, 0x0000000098200000| Untracked 
| 387|0x0000000098300000, 0x0000000098300000, 0x0000000098400000|  0%| F|  |TAMS 0x0000000098300000, 0x0000000098300000| Untracked 
| 388|0x0000000098400000, 0x0000000098400000, 0x0000000098500000|  0%| F|  |TAMS 0x0000000098400000, 0x0000000098400000| Untracked 
| 389|0x0000000098500000, 0x0000000098500000, 0x0000000098600000|  0%| F|  |TAMS 0x0000000098500000, 0x0000000098500000| Untracked 
| 390|0x0000000098600000, 0x0000000098600000, 0x0000000098700000|  0%| F|  |TAMS 0x0000000098600000, 0x0000000098600000| Untracked 
| 391|0x0000000098700000, 0x0000000098800000, 0x0000000098800000|100%| O|  |TAMS 0x0000000098800000, 0x0000000098800000| Untracked 
| 392|0x0000000098800000, 0x0000000098800000, 0x0000000098900000|  0%| F|  |TAMS 0x0000000098800000, 0x0000000098800000| Untracked 
| 393|0x0000000098900000, 0x0000000098a00000, 0x0000000098a00000|100%| O|  |TAMS 0x0000000098a00000, 0x0000000098a00000| Untracked 
| 394|0x0000000098a00000, 0x0000000098a00000, 0x0000000098b00000|  0%| F|  |TAMS 0x0000000098a00000, 0x0000000098a00000| Untracked 
| 395|0x0000000098b00000, 0x0000000098c00000, 0x0000000098c00000|100%| O|  |TAMS 0x0000000098c00000, 0x0000000098c00000| Untracked 
| 396|0x0000000098c00000, 0x0000000098d00000, 0x0000000098d00000|100%| O|  |TAMS 0x0000000098d00000, 0x0000000098d00000| Untracked 
| 397|0x0000000098d00000, 0x0000000098e00000, 0x0000000098e00000|100%| O|  |TAMS 0x0000000098e00000, 0x0000000098e00000| Untracked 
| 398|0x0000000098e00000, 0x0000000098f00000, 0x0000000098f00000|100%| O|  |TAMS 0x0000000098f00000, 0x0000000098f00000| Untracked 
| 399|0x0000000098f00000, 0x0000000099000000, 0x0000000099000000|100%| O|  |TAMS 0x0000000099000000, 0x0000000099000000| Untracked 
| 400|0x0000000099000000, 0x0000000099000000, 0x0000000099100000|  0%| F|  |TAMS 0x0000000099000000, 0x0000000099000000| Untracked 
| 401|0x0000000099100000, 0x0000000099200000, 0x0000000099200000|100%| O|  |TAMS 0x0000000099200000, 0x0000000099200000| Untracked 
| 402|0x0000000099200000, 0x0000000099300000, 0x0000000099300000|100%| O|  |TAMS 0x0000000099300000, 0x0000000099300000| Untracked 
| 403|0x0000000099300000, 0x0000000099400000, 0x0000000099400000|100%| O|  |TAMS 0x0000000099400000, 0x0000000099400000| Untracked 
| 404|0x0000000099400000, 0x0000000099400000, 0x0000000099500000|  0%| F|  |TAMS 0x0000000099400000, 0x0000000099400000| Untracked 
| 405|0x0000000099500000, 0x0000000099500000, 0x0000000099600000|  0%| F|  |TAMS 0x0000000099500000, 0x0000000099500000| Untracked 
| 406|0x0000000099600000, 0x0000000099600000, 0x0000000099700000|  0%| F|  |TAMS 0x0000000099600000, 0x0000000099600000| Untracked 
| 407|0x0000000099700000, 0x0000000099800000, 0x0000000099800000|100%| O|  |TAMS 0x0000000099800000, 0x0000000099800000| Untracked 
| 408|0x0000000099800000, 0x0000000099800000, 0x0000000099900000|  0%| F|  |TAMS 0x0000000099800000, 0x0000000099800000| Untracked 
| 409|0x0000000099900000, 0x0000000099900000, 0x0000000099a00000|  0%| F|  |TAMS 0x0000000099900000, 0x0000000099900000| Untracked 
| 410|0x0000000099a00000, 0x0000000099a00000, 0x0000000099b00000|  0%| F|  |TAMS 0x0000000099a00000, 0x0000000099a00000| Untracked 
| 411|0x0000000099b00000, 0x0000000099b00000, 0x0000000099c00000|  0%| F|  |TAMS 0x0000000099b00000, 0x0000000099b00000| Untracked 
| 412|0x0000000099c00000, 0x0000000099c00000, 0x0000000099d00000|  0%| F|  |TAMS 0x0000000099c00000, 0x0000000099c00000| Untracked 
| 413|0x0000000099d00000, 0x0000000099d00000, 0x0000000099e00000|  0%| F|  |TAMS 0x0000000099d00000, 0x0000000099d00000| Untracked 
| 414|0x0000000099e00000, 0x0000000099e00000, 0x0000000099f00000|  0%| F|  |TAMS 0x0000000099e00000, 0x0000000099e00000| Untracked 
| 415|0x0000000099f00000, 0x0000000099f00000, 0x000000009a000000|  0%| F|  |TAMS 0x0000000099f00000, 0x0000000099f00000| Untracked 
| 416|0x000000009a000000, 0x000000009a000000, 0x000000009a100000|  0%| F|  |TAMS 0x000000009a000000, 0x000000009a000000| Untracked 
| 417|0x000000009a100000, 0x000000009a100000, 0x000000009a200000|  0%| F|  |TAMS 0x000000009a100000, 0x000000009a100000| Untracked 
| 418|0x000000009a200000, 0x000000009a200000, 0x000000009a300000|  0%| F|  |TAMS 0x000000009a200000, 0x000000009a200000| Untracked 
| 419|0x000000009a300000, 0x000000009a300000, 0x000000009a400000|  0%| F|  |TAMS 0x000000009a300000, 0x000000009a300000| Untracked 
| 420|0x000000009a400000, 0x000000009a400000, 0x000000009a500000|  0%| F|  |TAMS 0x000000009a400000, 0x000000009a400000| Untracked 
| 421|0x000000009a500000, 0x000000009a500000, 0x000000009a600000|  0%| F|  |TAMS 0x000000009a500000, 0x000000009a500000| Untracked 
| 422|0x000000009a600000, 0x000000009a600000, 0x000000009a700000|  0%| F|  |TAMS 0x000000009a600000, 0x000000009a600000| Untracked 
| 423|0x000000009a700000, 0x000000009a700000, 0x000000009a800000|  0%| F|  |TAMS 0x000000009a700000, 0x000000009a700000| Untracked 
| 424|0x000000009a800000, 0x000000009a800000, 0x000000009a900000|  0%| F|  |TAMS 0x000000009a800000, 0x000000009a800000| Untracked 
| 425|0x000000009a900000, 0x000000009a900000, 0x000000009aa00000|  0%| F|  |TAMS 0x000000009a900000, 0x000000009a900000| Untracked 
| 426|0x000000009aa00000, 0x000000009aa00000, 0x000000009ab00000|  0%| F|  |TAMS 0x000000009aa00000, 0x000000009aa00000| Untracked 
| 427|0x000000009ab00000, 0x000000009ab00000, 0x000000009ac00000|  0%| F|  |TAMS 0x000000009ab00000, 0x000000009ab00000| Untracked 
| 428|0x000000009ac00000, 0x000000009ac00000, 0x000000009ad00000|  0%| F|  |TAMS 0x000000009ac00000, 0x000000009ac00000| Untracked 
| 429|0x000000009ad00000, 0x000000009ad00000, 0x000000009ae00000|  0%| F|  |TAMS 0x000000009ad00000, 0x000000009ad00000| Untracked 
| 430|0x000000009ae00000, 0x000000009ae00000, 0x000000009af00000|  0%| F|  |TAMS 0x000000009ae00000, 0x000000009ae00000| Untracked 
| 431|0x000000009af00000, 0x000000009af00000, 0x000000009b000000|  0%| F|  |TAMS 0x000000009af00000, 0x000000009af00000| Untracked 
| 432|0x000000009b000000, 0x000000009b000000, 0x000000009b100000|  0%| F|  |TAMS 0x000000009b000000, 0x000000009b000000| Untracked 
| 433|0x000000009b100000, 0x000000009b100000, 0x000000009b200000|  0%| F|  |TAMS 0x000000009b100000, 0x000000009b100000| Untracked 
| 434|0x000000009b200000, 0x000000009b200000, 0x000000009b300000|  0%| F|  |TAMS 0x000000009b200000, 0x000000009b200000| Untracked 
| 435|0x000000009b300000, 0x000000009b300000, 0x000000009b400000|  0%| F|  |TAMS 0x000000009b300000, 0x000000009b300000| Untracked 
| 436|0x000000009b400000, 0x000000009b400000, 0x000000009b500000|  0%| F|  |TAMS 0x000000009b400000, 0x000000009b400000| Untracked 
| 437|0x000000009b500000, 0x000000009b500000, 0x000000009b600000|  0%| F|  |TAMS 0x000000009b500000, 0x000000009b500000| Untracked 
| 438|0x000000009b600000, 0x000000009b600000, 0x000000009b700000|  0%| F|  |TAMS 0x000000009b600000, 0x000000009b600000| Untracked 
| 439|0x000000009b700000, 0x000000009b700000, 0x000000009b800000|  0%| F|  |TAMS 0x000000009b700000, 0x000000009b700000| Untracked 
| 440|0x000000009b800000, 0x000000009b800000, 0x000000009b900000|  0%| F|  |TAMS 0x000000009b800000, 0x000000009b800000| Untracked 
| 441|0x000000009b900000, 0x000000009b900000, 0x000000009ba00000|  0%| F|  |TAMS 0x000000009b900000, 0x000000009b900000| Untracked 
| 442|0x000000009ba00000, 0x000000009ba00000, 0x000000009bb00000|  0%| F|  |TAMS 0x000000009ba00000, 0x000000009ba00000| Untracked 
| 443|0x000000009bb00000, 0x000000009bb00000, 0x000000009bc00000|  0%| F|  |TAMS 0x000000009bb00000, 0x000000009bb00000| Untracked 
| 444|0x000000009bc00000, 0x000000009bc00000, 0x000000009bd00000|  0%| F|  |TAMS 0x000000009bc00000, 0x000000009bc00000| Untracked 
| 445|0x000000009bd00000, 0x000000009bd00000, 0x000000009be00000|  0%| F|  |TAMS 0x000000009bd00000, 0x000000009bd00000| Untracked 
| 446|0x000000009be00000, 0x000000009be00000, 0x000000009bf00000|  0%| F|  |TAMS 0x000000009be00000, 0x000000009be00000| Untracked 
| 447|0x000000009bf00000, 0x000000009bf00000, 0x000000009c000000|  0%| F|  |TAMS 0x000000009bf00000, 0x000000009bf00000| Untracked 
| 448|0x000000009c000000, 0x000000009c000000, 0x000000009c100000|  0%| F|  |TAMS 0x000000009c000000, 0x000000009c000000| Untracked 
| 449|0x000000009c100000, 0x000000009c100000, 0x000000009c200000|  0%| F|  |TAMS 0x000000009c100000, 0x000000009c100000| Untracked 
| 450|0x000000009c200000, 0x000000009c200000, 0x000000009c300000|  0%| F|  |TAMS 0x000000009c200000, 0x000000009c200000| Untracked 
| 451|0x000000009c300000, 0x000000009c300000, 0x000000009c400000|  0%| F|  |TAMS 0x000000009c300000, 0x000000009c300000| Untracked 
| 452|0x000000009c400000, 0x000000009c400000, 0x000000009c500000|  0%| F|  |TAMS 0x000000009c400000, 0x000000009c400000| Untracked 
| 453|0x000000009c500000, 0x000000009c500000, 0x000000009c600000|  0%| F|  |TAMS 0x000000009c500000, 0x000000009c500000| Untracked 
| 454|0x000000009c600000, 0x000000009c600000, 0x000000009c700000|  0%| F|  |TAMS 0x000000009c600000, 0x000000009c600000| Untracked 
| 455|0x000000009c700000, 0x000000009c700000, 0x000000009c800000|  0%| F|  |TAMS 0x000000009c700000, 0x000000009c700000| Untracked 
| 456|0x000000009c800000, 0x000000009c800000, 0x000000009c900000|  0%| F|  |TAMS 0x000000009c800000, 0x000000009c800000| Untracked 
| 457|0x000000009c900000, 0x000000009c900000, 0x000000009ca00000|  0%| F|  |TAMS 0x000000009c900000, 0x000000009c900000| Untracked 
| 458|0x000000009ca00000, 0x000000009ca00000, 0x000000009cb00000|  0%| F|  |TAMS 0x000000009ca00000, 0x000000009ca00000| Untracked 
| 459|0x000000009cb00000, 0x000000009cb00000, 0x000000009cc00000|  0%| F|  |TAMS 0x000000009cb00000, 0x000000009cb00000| Untracked 
| 460|0x000000009cc00000, 0x000000009cc00000, 0x000000009cd00000|  0%| F|  |TAMS 0x000000009cc00000, 0x000000009cc00000| Untracked 
| 461|0x000000009cd00000, 0x000000009cd00000, 0x000000009ce00000|  0%| F|  |TAMS 0x000000009cd00000, 0x000000009cd00000| Untracked 
| 462|0x000000009ce00000, 0x000000009ce00000, 0x000000009cf00000|  0%| F|  |TAMS 0x000000009ce00000, 0x000000009ce00000| Untracked 
| 463|0x000000009cf00000, 0x000000009cf00000, 0x000000009d000000|  0%| F|  |TAMS 0x000000009cf00000, 0x000000009cf00000| Untracked 
| 464|0x000000009d000000, 0x000000009d000000, 0x000000009d100000|  0%| F|  |TAMS 0x000000009d000000, 0x000000009d000000| Untracked 
| 465|0x000000009d100000, 0x000000009d100000, 0x000000009d200000|  0%| F|  |TAMS 0x000000009d100000, 0x000000009d100000| Untracked 
| 466|0x000000009d200000, 0x000000009d200000, 0x000000009d300000|  0%| F|  |TAMS 0x000000009d200000, 0x000000009d200000| Untracked 
| 467|0x000000009d300000, 0x000000009d300000, 0x000000009d400000|  0%| F|  |TAMS 0x000000009d300000, 0x000000009d300000| Untracked 
| 468|0x000000009d400000, 0x000000009d400000, 0x000000009d500000|  0%| F|  |TAMS 0x000000009d400000, 0x000000009d400000| Untracked 
| 469|0x000000009d500000, 0x000000009d500000, 0x000000009d600000|  0%| F|  |TAMS 0x000000009d500000, 0x000000009d500000| Untracked 
| 470|0x000000009d600000, 0x000000009d600000, 0x000000009d700000|  0%| F|  |TAMS 0x000000009d600000, 0x000000009d600000| Untracked 
| 471|0x000000009d700000, 0x000000009d700000, 0x000000009d800000|  0%| F|  |TAMS 0x000000009d700000, 0x000000009d700000| Untracked 
| 472|0x000000009d800000, 0x000000009d800000, 0x000000009d900000|  0%| F|  |TAMS 0x000000009d800000, 0x000000009d800000| Untracked 
| 473|0x000000009d900000, 0x000000009d900000, 0x000000009da00000|  0%| F|  |TAMS 0x000000009d900000, 0x000000009d900000| Untracked 
| 474|0x000000009da00000, 0x000000009da00000, 0x000000009db00000|  0%| F|  |TAMS 0x000000009da00000, 0x000000009da00000| Untracked 
| 475|0x000000009db00000, 0x000000009db00000, 0x000000009dc00000|  0%| F|  |TAMS 0x000000009db00000, 0x000000009db00000| Untracked 
| 476|0x000000009dc00000, 0x000000009dc00000, 0x000000009dd00000|  0%| F|  |TAMS 0x000000009dc00000, 0x000000009dc00000| Untracked 
| 477|0x000000009dd00000, 0x000000009dd00000, 0x000000009de00000|  0%| F|  |TAMS 0x000000009dd00000, 0x000000009dd00000| Untracked 
| 478|0x000000009de00000, 0x000000009de00000, 0x000000009df00000|  0%| F|  |TAMS 0x000000009de00000, 0x000000009de00000| Untracked 
| 479|0x000000009df00000, 0x000000009df00000, 0x000000009e000000|  0%| F|  |TAMS 0x000000009df00000, 0x000000009df00000| Untracked 
| 480|0x000000009e000000, 0x000000009e000000, 0x000000009e100000|  0%| F|  |TAMS 0x000000009e000000, 0x000000009e000000| Untracked 
| 481|0x000000009e100000, 0x000000009e100000, 0x000000009e200000|  0%| F|  |TAMS 0x000000009e100000, 0x000000009e100000| Untracked 
| 482|0x000000009e200000, 0x000000009e200000, 0x000000009e300000|  0%| F|  |TAMS 0x000000009e200000, 0x000000009e200000| Untracked 
| 483|0x000000009e300000, 0x000000009e300000, 0x000000009e400000|  0%| F|  |TAMS 0x000000009e300000, 0x000000009e300000| Untracked 
| 484|0x000000009e400000, 0x000000009e400000, 0x000000009e500000|  0%| F|  |TAMS 0x000000009e400000, 0x000000009e400000| Untracked 
| 485|0x000000009e500000, 0x000000009e500000, 0x000000009e600000|  0%| F|  |TAMS 0x000000009e500000, 0x000000009e500000| Untracked 
| 486|0x000000009e600000, 0x000000009e600000, 0x000000009e700000|  0%| F|  |TAMS 0x000000009e600000, 0x000000009e600000| Untracked 
| 487|0x000000009e700000, 0x000000009e700000, 0x000000009e800000|  0%| F|  |TAMS 0x000000009e700000, 0x000000009e700000| Untracked 
| 488|0x000000009e800000, 0x000000009e800000, 0x000000009e900000|  0%| F|  |TAMS 0x000000009e800000, 0x000000009e800000| Untracked 
| 489|0x000000009e900000, 0x000000009e900000, 0x000000009ea00000|  0%| F|  |TAMS 0x000000009e900000, 0x000000009e900000| Untracked 
| 490|0x000000009ea00000, 0x000000009ea00000, 0x000000009eb00000|  0%| F|  |TAMS 0x000000009ea00000, 0x000000009ea00000| Untracked 
| 491|0x000000009eb00000, 0x000000009eb00000, 0x000000009ec00000|  0%| F|  |TAMS 0x000000009eb00000, 0x000000009eb00000| Untracked 
| 492|0x000000009ec00000, 0x000000009ec00000, 0x000000009ed00000|  0%| F|  |TAMS 0x000000009ec00000, 0x000000009ec00000| Untracked 
| 493|0x000000009ed00000, 0x000000009ed00000, 0x000000009ee00000|  0%| F|  |TAMS 0x000000009ed00000, 0x000000009ed00000| Untracked 
| 494|0x000000009ee00000, 0x000000009ee00000, 0x000000009ef00000|  0%| F|  |TAMS 0x000000009ee00000, 0x000000009ee00000| Untracked 
| 495|0x000000009ef00000, 0x000000009ef00000, 0x000000009f000000|  0%| F|  |TAMS 0x000000009ef00000, 0x000000009ef00000| Untracked 
| 496|0x000000009f000000, 0x000000009f000000, 0x000000009f100000|  0%| F|  |TAMS 0x000000009f000000, 0x000000009f000000| Untracked 
| 497|0x000000009f100000, 0x000000009f100000, 0x000000009f200000|  0%| F|  |TAMS 0x000000009f100000, 0x000000009f100000| Untracked 
| 498|0x000000009f200000, 0x000000009f200000, 0x000000009f300000|  0%| F|  |TAMS 0x000000009f200000, 0x000000009f200000| Untracked 
| 499|0x000000009f300000, 0x000000009f300000, 0x000000009f400000|  0%| F|  |TAMS 0x000000009f300000, 0x000000009f300000| Untracked 
| 500|0x000000009f400000, 0x000000009f400000, 0x000000009f500000|  0%| F|  |TAMS 0x000000009f400000, 0x000000009f400000| Untracked 
| 501|0x000000009f500000, 0x000000009f500000, 0x000000009f600000|  0%| F|  |TAMS 0x000000009f500000, 0x000000009f500000| Untracked 
| 502|0x000000009f600000, 0x000000009f600000, 0x000000009f700000|  0%| F|  |TAMS 0x000000009f600000, 0x000000009f600000| Untracked 
| 503|0x000000009f700000, 0x000000009f700000, 0x000000009f800000|  0%| F|  |TAMS 0x000000009f700000, 0x000000009f700000| Untracked 
| 504|0x000000009f800000, 0x000000009f800000, 0x000000009f900000|  0%| F|  |TAMS 0x000000009f800000, 0x000000009f800000| Untracked 
| 505|0x000000009f900000, 0x000000009f900000, 0x000000009fa00000|  0%| F|  |TAMS 0x000000009f900000, 0x000000009f900000| Untracked 
| 506|0x000000009fa00000, 0x000000009fa00000, 0x000000009fb00000|  0%| F|  |TAMS 0x000000009fa00000, 0x000000009fa00000| Untracked 
| 507|0x000000009fb00000, 0x000000009fb00000, 0x000000009fc00000|  0%| F|  |TAMS 0x000000009fb00000, 0x000000009fb00000| Untracked 
| 508|0x000000009fc00000, 0x000000009fc00000, 0x000000009fd00000|  0%| F|  |TAMS 0x000000009fc00000, 0x000000009fc00000| Untracked 
| 509|0x000000009fd00000, 0x000000009fd78608, 0x000000009fe00000| 47%| S|CS|TAMS 0x000000009fd00000, 0x000000009fd00000| Complete 
| 510|0x000000009fe00000, 0x000000009ff00000, 0x000000009ff00000|100%| S|CS|TAMS 0x000000009fe00000, 0x000000009fe00000| Complete 
| 511|0x000000009ff00000, 0x00000000a0000000, 0x00000000a0000000|100%| S|CS|TAMS 0x000000009ff00000, 0x000000009ff00000| Complete 
| 512|0x00000000a0000000, 0x00000000a0100000, 0x00000000a0100000|100%| S|CS|TAMS 0x00000000a0000000, 0x00000000a0000000| Complete 
| 513|0x00000000a0100000, 0x00000000a0200000, 0x00000000a0200000|100%| S|CS|TAMS 0x00000000a0100000, 0x00000000a0100000| Complete 
| 514|0x00000000a0200000, 0x00000000a0300000, 0x00000000a0300000|100%| S|CS|TAMS 0x00000000a0200000, 0x00000000a0200000| Complete 
| 515|0x00000000a0300000, 0x00000000a0400000, 0x00000000a0400000|100%| S|CS|TAMS 0x00000000a0300000, 0x00000000a0300000| Complete 
| 516|0x00000000a0400000, 0x00000000a0500000, 0x00000000a0500000|100%| S|CS|TAMS 0x00000000a0400000, 0x00000000a0400000| Complete 
| 517|0x00000000a0500000, 0x00000000a0600000, 0x00000000a0600000|100%| S|CS|TAMS 0x00000000a0500000, 0x00000000a0500000| Complete 
| 518|0x00000000a0600000, 0x00000000a0700000, 0x00000000a0700000|100%| S|CS|TAMS 0x00000000a0600000, 0x00000000a0600000| Complete 
| 519|0x00000000a0700000, 0x00000000a0800000, 0x00000000a0800000|100%| S|CS|TAMS 0x00000000a0700000, 0x00000000a0700000| Complete 
| 520|0x00000000a0800000, 0x00000000a0900000, 0x00000000a0900000|100%| S|CS|TAMS 0x00000000a0800000, 0x00000000a0800000| Complete 
| 521|0x00000000a0900000, 0x00000000a0a00000, 0x00000000a0a00000|100%| S|CS|TAMS 0x00000000a0900000, 0x00000000a0900000| Complete 
| 522|0x00000000a0a00000, 0x00000000a0a00000, 0x00000000a0b00000|  0%| F|  |TAMS 0x00000000a0a00000, 0x00000000a0a00000| Untracked 
| 523|0x00000000a0b00000, 0x00000000a0b00000, 0x00000000a0c00000|  0%| F|  |TAMS 0x00000000a0b00000, 0x00000000a0b00000| Untracked 
| 524|0x00000000a0c00000, 0x00000000a0c00000, 0x00000000a0d00000|  0%| F|  |TAMS 0x00000000a0c00000, 0x00000000a0c00000| Untracked 
| 525|0x00000000a0d00000, 0x00000000a0d00000, 0x00000000a0e00000|  0%| F|  |TAMS 0x00000000a0d00000, 0x00000000a0d00000| Untracked 
| 526|0x00000000a0e00000, 0x00000000a0e00000, 0x00000000a0f00000|  0%| F|  |TAMS 0x00000000a0e00000, 0x00000000a0e00000| Untracked 
| 527|0x00000000a0f00000, 0x00000000a0f00000, 0x00000000a1000000|  0%| F|  |TAMS 0x00000000a0f00000, 0x00000000a0f00000| Untracked 
| 528|0x00000000a1000000, 0x00000000a1000000, 0x00000000a1100000|  0%| F|  |TAMS 0x00000000a1000000, 0x00000000a1000000| Untracked 
| 529|0x00000000a1100000, 0x00000000a1100000, 0x00000000a1200000|  0%| F|  |TAMS 0x00000000a1100000, 0x00000000a1100000| Untracked 
| 530|0x00000000a1200000, 0x00000000a1200000, 0x00000000a1300000|  0%| F|  |TAMS 0x00000000a1200000, 0x00000000a1200000| Untracked 
| 531|0x00000000a1300000, 0x00000000a1300000, 0x00000000a1400000|  0%| F|  |TAMS 0x00000000a1300000, 0x00000000a1300000| Untracked 
| 532|0x00000000a1400000, 0x00000000a1400000, 0x00000000a1500000|  0%| F|  |TAMS 0x00000000a1400000, 0x00000000a1400000| Untracked 
| 533|0x00000000a1500000, 0x00000000a1500000, 0x00000000a1600000|  0%| F|  |TAMS 0x00000000a1500000, 0x00000000a1500000| Untracked 
| 534|0x00000000a1600000, 0x00000000a1600000, 0x00000000a1700000|  0%| F|  |TAMS 0x00000000a1600000, 0x00000000a1600000| Untracked 
| 535|0x00000000a1700000, 0x00000000a1700000, 0x00000000a1800000|  0%| F|  |TAMS 0x00000000a1700000, 0x00000000a1700000| Untracked 
| 536|0x00000000a1800000, 0x00000000a1800000, 0x00000000a1900000|  0%| F|  |TAMS 0x00000000a1800000, 0x00000000a1800000| Untracked 
| 537|0x00000000a1900000, 0x00000000a1900000, 0x00000000a1a00000|  0%| F|  |TAMS 0x00000000a1900000, 0x00000000a1900000| Untracked 
| 538|0x00000000a1a00000, 0x00000000a1a00000, 0x00000000a1b00000|  0%| F|  |TAMS 0x00000000a1a00000, 0x00000000a1a00000| Untracked 
| 539|0x00000000a1b00000, 0x00000000a1b00000, 0x00000000a1c00000|  0%| F|  |TAMS 0x00000000a1b00000, 0x00000000a1b00000| Untracked 
| 540|0x00000000a1c00000, 0x00000000a1c00000, 0x00000000a1d00000|  0%| F|  |TAMS 0x00000000a1c00000, 0x00000000a1c00000| Untracked 
| 541|0x00000000a1d00000, 0x00000000a1d00000, 0x00000000a1e00000|  0%| F|  |TAMS 0x00000000a1d00000, 0x00000000a1d00000| Untracked 
| 542|0x00000000a1e00000, 0x00000000a1e00000, 0x00000000a1f00000|  0%| F|  |TAMS 0x00000000a1e00000, 0x00000000a1e00000| Untracked 
| 543|0x00000000a1f00000, 0x00000000a1f00000, 0x00000000a2000000|  0%| F|  |TAMS 0x00000000a1f00000, 0x00000000a1f00000| Untracked 
| 544|0x00000000a2000000, 0x00000000a2000000, 0x00000000a2100000|  0%| F|  |TAMS 0x00000000a2000000, 0x00000000a2000000| Untracked 
| 545|0x00000000a2100000, 0x00000000a2100000, 0x00000000a2200000|  0%| F|  |TAMS 0x00000000a2100000, 0x00000000a2100000| Untracked 
| 546|0x00000000a2200000, 0x00000000a2200000, 0x00000000a2300000|  0%| F|  |TAMS 0x00000000a2200000, 0x00000000a2200000| Untracked 
| 547|0x00000000a2300000, 0x00000000a2300000, 0x00000000a2400000|  0%| F|  |TAMS 0x00000000a2300000, 0x00000000a2300000| Untracked 
| 548|0x00000000a2400000, 0x00000000a2400000, 0x00000000a2500000|  0%| F|  |TAMS 0x00000000a2400000, 0x00000000a2400000| Untracked 
| 549|0x00000000a2500000, 0x00000000a2500000, 0x00000000a2600000|  0%| F|  |TAMS 0x00000000a2500000, 0x00000000a2500000| Untracked 
| 550|0x00000000a2600000, 0x00000000a2600000, 0x00000000a2700000|  0%| F|  |TAMS 0x00000000a2600000, 0x00000000a2600000| Untracked 
| 551|0x00000000a2700000, 0x00000000a2700000, 0x00000000a2800000|  0%| F|  |TAMS 0x00000000a2700000, 0x00000000a2700000| Untracked 
| 552|0x00000000a2800000, 0x00000000a2800000, 0x00000000a2900000|  0%| F|  |TAMS 0x00000000a2800000, 0x00000000a2800000| Untracked 
| 553|0x00000000a2900000, 0x00000000a2900000, 0x00000000a2a00000|  0%| F|  |TAMS 0x00000000a2900000, 0x00000000a2900000| Untracked 
| 554|0x00000000a2a00000, 0x00000000a2a00000, 0x00000000a2b00000|  0%| F|  |TAMS 0x00000000a2a00000, 0x00000000a2a00000| Untracked 
| 555|0x00000000a2b00000, 0x00000000a2b00000, 0x00000000a2c00000|  0%| F|  |TAMS 0x00000000a2b00000, 0x00000000a2b00000| Untracked 
| 556|0x00000000a2c00000, 0x00000000a2c00000, 0x00000000a2d00000|  0%| F|  |TAMS 0x00000000a2c00000, 0x00000000a2c00000| Untracked 
| 557|0x00000000a2d00000, 0x00000000a2d00000, 0x00000000a2e00000|  0%| F|  |TAMS 0x00000000a2d00000, 0x00000000a2d00000| Untracked 
| 558|0x00000000a2e00000, 0x00000000a2e00000, 0x00000000a2f00000|  0%| F|  |TAMS 0x00000000a2e00000, 0x00000000a2e00000| Untracked 
| 559|0x00000000a2f00000, 0x00000000a2f00000, 0x00000000a3000000|  0%| F|  |TAMS 0x00000000a2f00000, 0x00000000a2f00000| Untracked 
| 560|0x00000000a3000000, 0x00000000a3000000, 0x00000000a3100000|  0%| F|  |TAMS 0x00000000a3000000, 0x00000000a3000000| Untracked 
| 561|0x00000000a3100000, 0x00000000a3100000, 0x00000000a3200000|  0%| F|  |TAMS 0x00000000a3100000, 0x00000000a3100000| Untracked 
| 562|0x00000000a3200000, 0x00000000a3200000, 0x00000000a3300000|  0%| F|  |TAMS 0x00000000a3200000, 0x00000000a3200000| Untracked 
| 563|0x00000000a3300000, 0x00000000a3300000, 0x00000000a3400000|  0%| F|  |TAMS 0x00000000a3300000, 0x00000000a3300000| Untracked 
| 564|0x00000000a3400000, 0x00000000a3400000, 0x00000000a3500000|  0%| F|  |TAMS 0x00000000a3400000, 0x00000000a3400000| Untracked 
| 565|0x00000000a3500000, 0x00000000a3500000, 0x00000000a3600000|  0%| F|  |TAMS 0x00000000a3500000, 0x00000000a3500000| Untracked 
| 566|0x00000000a3600000, 0x00000000a3600000, 0x00000000a3700000|  0%| F|  |TAMS 0x00000000a3600000, 0x00000000a3600000| Untracked 
| 567|0x00000000a3700000, 0x00000000a3700000, 0x00000000a3800000|  0%| F|  |TAMS 0x00000000a3700000, 0x00000000a3700000| Untracked 
| 568|0x00000000a3800000, 0x00000000a3800000, 0x00000000a3900000|  0%| F|  |TAMS 0x00000000a3800000, 0x00000000a3800000| Untracked 
| 569|0x00000000a3900000, 0x00000000a3900000, 0x00000000a3a00000|  0%| F|  |TAMS 0x00000000a3900000, 0x00000000a3900000| Untracked 
| 570|0x00000000a3a00000, 0x00000000a3a00000, 0x00000000a3b00000|  0%| F|  |TAMS 0x00000000a3a00000, 0x00000000a3a00000| Untracked 
| 571|0x00000000a3b00000, 0x00000000a3b00000, 0x00000000a3c00000|  0%| F|  |TAMS 0x00000000a3b00000, 0x00000000a3b00000| Untracked 
| 572|0x00000000a3c00000, 0x00000000a3c00000, 0x00000000a3d00000|  0%| F|  |TAMS 0x00000000a3c00000, 0x00000000a3c00000| Untracked 
| 573|0x00000000a3d00000, 0x00000000a3d00000, 0x00000000a3e00000|  0%| F|  |TAMS 0x00000000a3d00000, 0x00000000a3d00000| Untracked 
| 574|0x00000000a3e00000, 0x00000000a3e00000, 0x00000000a3f00000|  0%| F|  |TAMS 0x00000000a3e00000, 0x00000000a3e00000| Untracked 
| 575|0x00000000a3f00000, 0x00000000a3f00000, 0x00000000a4000000|  0%| F|  |TAMS 0x00000000a3f00000, 0x00000000a3f00000| Untracked 
| 576|0x00000000a4000000, 0x00000000a4000000, 0x00000000a4100000|  0%| F|  |TAMS 0x00000000a4000000, 0x00000000a4000000| Untracked 
| 577|0x00000000a4100000, 0x00000000a4100000, 0x00000000a4200000|  0%| F|  |TAMS 0x00000000a4100000, 0x00000000a4100000| Untracked 
| 578|0x00000000a4200000, 0x00000000a4200000, 0x00000000a4300000|  0%| F|  |TAMS 0x00000000a4200000, 0x00000000a4200000| Untracked 
| 579|0x00000000a4300000, 0x00000000a4300000, 0x00000000a4400000|  0%| F|  |TAMS 0x00000000a4300000, 0x00000000a4300000| Untracked 
| 580|0x00000000a4400000, 0x00000000a4400000, 0x00000000a4500000|  0%| F|  |TAMS 0x00000000a4400000, 0x00000000a4400000| Untracked 
| 581|0x00000000a4500000, 0x00000000a4500000, 0x00000000a4600000|  0%| F|  |TAMS 0x00000000a4500000, 0x00000000a4500000| Untracked 
| 582|0x00000000a4600000, 0x00000000a4600000, 0x00000000a4700000|  0%| F|  |TAMS 0x00000000a4600000, 0x00000000a4600000| Untracked 
| 583|0x00000000a4700000, 0x00000000a4700000, 0x00000000a4800000|  0%| F|  |TAMS 0x00000000a4700000, 0x00000000a4700000| Untracked 
| 584|0x00000000a4800000, 0x00000000a4800000, 0x00000000a4900000|  0%| F|  |TAMS 0x00000000a4800000, 0x00000000a4800000| Untracked 
| 585|0x00000000a4900000, 0x00000000a4900000, 0x00000000a4a00000|  0%| F|  |TAMS 0x00000000a4900000, 0x00000000a4900000| Untracked 
| 586|0x00000000a4a00000, 0x00000000a4a00000, 0x00000000a4b00000|  0%| F|  |TAMS 0x00000000a4a00000, 0x00000000a4a00000| Untracked 
| 587|0x00000000a4b00000, 0x00000000a4b00000, 0x00000000a4c00000|  0%| F|  |TAMS 0x00000000a4b00000, 0x00000000a4b00000| Untracked 
| 588|0x00000000a4c00000, 0x00000000a4c00000, 0x00000000a4d00000|  0%| F|  |TAMS 0x00000000a4c00000, 0x00000000a4c00000| Untracked 
| 589|0x00000000a4d00000, 0x00000000a4d00000, 0x00000000a4e00000|  0%| F|  |TAMS 0x00000000a4d00000, 0x00000000a4d00000| Untracked 
| 590|0x00000000a4e00000, 0x00000000a4e00000, 0x00000000a4f00000|  0%| F|  |TAMS 0x00000000a4e00000, 0x00000000a4e00000| Untracked 
| 591|0x00000000a4f00000, 0x00000000a4f00000, 0x00000000a5000000|  0%| F|  |TAMS 0x00000000a4f00000, 0x00000000a4f00000| Untracked 
| 592|0x00000000a5000000, 0x00000000a5000000, 0x00000000a5100000|  0%| F|  |TAMS 0x00000000a5000000, 0x00000000a5000000| Untracked 
| 593|0x00000000a5100000, 0x00000000a5100000, 0x00000000a5200000|  0%| F|  |TAMS 0x00000000a5100000, 0x00000000a5100000| Untracked 
| 594|0x00000000a5200000, 0x00000000a5200000, 0x00000000a5300000|  0%| F|  |TAMS 0x00000000a5200000, 0x00000000a5200000| Untracked 
| 595|0x00000000a5300000, 0x00000000a5300000, 0x00000000a5400000|  0%| F|  |TAMS 0x00000000a5300000, 0x00000000a5300000| Untracked 
| 596|0x00000000a5400000, 0x00000000a5400000, 0x00000000a5500000|  0%| F|  |TAMS 0x00000000a5400000, 0x00000000a5400000| Untracked 
| 597|0x00000000a5500000, 0x00000000a5500000, 0x00000000a5600000|  0%| F|  |TAMS 0x00000000a5500000, 0x00000000a5500000| Untracked 
| 598|0x00000000a5600000, 0x00000000a5600000, 0x00000000a5700000|  0%| F|  |TAMS 0x00000000a5600000, 0x00000000a5600000| Untracked 
| 599|0x00000000a5700000, 0x00000000a5700000, 0x00000000a5800000|  0%| F|  |TAMS 0x00000000a5700000, 0x00000000a5700000| Untracked 
| 600|0x00000000a5800000, 0x00000000a5800000, 0x00000000a5900000|  0%| F|  |TAMS 0x00000000a5800000, 0x00000000a5800000| Untracked 
| 601|0x00000000a5900000, 0x00000000a5900000, 0x00000000a5a00000|  0%| F|  |TAMS 0x00000000a5900000, 0x00000000a5900000| Untracked 
| 602|0x00000000a5a00000, 0x00000000a5a00000, 0x00000000a5b00000|  0%| F|  |TAMS 0x00000000a5a00000, 0x00000000a5a00000| Untracked 
| 603|0x00000000a5b00000, 0x00000000a5b00000, 0x00000000a5c00000|  0%| F|  |TAMS 0x00000000a5b00000, 0x00000000a5b00000| Untracked 
| 604|0x00000000a5c00000, 0x00000000a5c00000, 0x00000000a5d00000|  0%| F|  |TAMS 0x00000000a5c00000, 0x00000000a5c00000| Untracked 
| 605|0x00000000a5d00000, 0x00000000a5d00000, 0x00000000a5e00000|  0%| F|  |TAMS 0x00000000a5d00000, 0x00000000a5d00000| Untracked 
| 606|0x00000000a5e00000, 0x00000000a5e00000, 0x00000000a5f00000|  0%| F|  |TAMS 0x00000000a5e00000, 0x00000000a5e00000| Untracked 
| 607|0x00000000a5f00000, 0x00000000a5f00000, 0x00000000a6000000|  0%| F|  |TAMS 0x00000000a5f00000, 0x00000000a5f00000| Untracked 
| 608|0x00000000a6000000, 0x00000000a6000000, 0x00000000a6100000|  0%| F|  |TAMS 0x00000000a6000000, 0x00000000a6000000| Untracked 
| 609|0x00000000a6100000, 0x00000000a6100000, 0x00000000a6200000|  0%| F|  |TAMS 0x00000000a6100000, 0x00000000a6100000| Untracked 
| 610|0x00000000a6200000, 0x00000000a6200000, 0x00000000a6300000|  0%| F|  |TAMS 0x00000000a6200000, 0x00000000a6200000| Untracked 
| 611|0x00000000a6300000, 0x00000000a6300000, 0x00000000a6400000|  0%| F|  |TAMS 0x00000000a6300000, 0x00000000a6300000| Untracked 
| 612|0x00000000a6400000, 0x00000000a6400000, 0x00000000a6500000|  0%| F|  |TAMS 0x00000000a6400000, 0x00000000a6400000| Untracked 
| 613|0x00000000a6500000, 0x00000000a6500000, 0x00000000a6600000|  0%| F|  |TAMS 0x00000000a6500000, 0x00000000a6500000| Untracked 
| 614|0x00000000a6600000, 0x00000000a6600000, 0x00000000a6700000|  0%| F|  |TAMS 0x00000000a6600000, 0x00000000a6600000| Untracked 
| 615|0x00000000a6700000, 0x00000000a6700000, 0x00000000a6800000|  0%| F|  |TAMS 0x00000000a6700000, 0x00000000a6700000| Untracked 
| 616|0x00000000a6800000, 0x00000000a6800000, 0x00000000a6900000|  0%| F|  |TAMS 0x00000000a6800000, 0x00000000a6800000| Untracked 
| 617|0x00000000a6900000, 0x00000000a6900000, 0x00000000a6a00000|  0%| F|  |TAMS 0x00000000a6900000, 0x00000000a6900000| Untracked 
| 618|0x00000000a6a00000, 0x00000000a6a00000, 0x00000000a6b00000|  0%| F|  |TAMS 0x00000000a6a00000, 0x00000000a6a00000| Untracked 
| 619|0x00000000a6b00000, 0x00000000a6b00000, 0x00000000a6c00000|  0%| F|  |TAMS 0x00000000a6b00000, 0x00000000a6b00000| Untracked 
| 620|0x00000000a6c00000, 0x00000000a6c00000, 0x00000000a6d00000|  0%| F|  |TAMS 0x00000000a6c00000, 0x00000000a6c00000| Untracked 
| 621|0x00000000a6d00000, 0x00000000a6d00000, 0x00000000a6e00000|  0%| F|  |TAMS 0x00000000a6d00000, 0x00000000a6d00000| Untracked 
| 622|0x00000000a6e00000, 0x00000000a6e00000, 0x00000000a6f00000|  0%| F|  |TAMS 0x00000000a6e00000, 0x00000000a6e00000| Untracked 
| 623|0x00000000a6f00000, 0x00000000a6f00000, 0x00000000a7000000|  0%| F|  |TAMS 0x00000000a6f00000, 0x00000000a6f00000| Untracked 
| 624|0x00000000a7000000, 0x00000000a7000000, 0x00000000a7100000|  0%| F|  |TAMS 0x00000000a7000000, 0x00000000a7000000| Untracked 
| 625|0x00000000a7100000, 0x00000000a7100000, 0x00000000a7200000|  0%| F|  |TAMS 0x00000000a7100000, 0x00000000a7100000| Untracked 
| 626|0x00000000a7200000, 0x00000000a7200000, 0x00000000a7300000|  0%| F|  |TAMS 0x00000000a7200000, 0x00000000a7200000| Untracked 
| 627|0x00000000a7300000, 0x00000000a7300000, 0x00000000a7400000|  0%| F|  |TAMS 0x00000000a7300000, 0x00000000a7300000| Untracked 
| 628|0x00000000a7400000, 0x00000000a7400000, 0x00000000a7500000|  0%| F|  |TAMS 0x00000000a7400000, 0x00000000a7400000| Untracked 
| 629|0x00000000a7500000, 0x00000000a7500000, 0x00000000a7600000|  0%| F|  |TAMS 0x00000000a7500000, 0x00000000a7500000| Untracked 
| 630|0x00000000a7600000, 0x00000000a7600000, 0x00000000a7700000|  0%| F|  |TAMS 0x00000000a7600000, 0x00000000a7600000| Untracked 
| 631|0x00000000a7700000, 0x00000000a7700000, 0x00000000a7800000|  0%| F|  |TAMS 0x00000000a7700000, 0x00000000a7700000| Untracked 
| 632|0x00000000a7800000, 0x00000000a7800000, 0x00000000a7900000|  0%| F|  |TAMS 0x00000000a7800000, 0x00000000a7800000| Untracked 
| 633|0x00000000a7900000, 0x00000000a7900000, 0x00000000a7a00000|  0%| F|  |TAMS 0x00000000a7900000, 0x00000000a7900000| Untracked 
| 634|0x00000000a7a00000, 0x00000000a7a00000, 0x00000000a7b00000|  0%| F|  |TAMS 0x00000000a7a00000, 0x00000000a7a00000| Untracked 
| 635|0x00000000a7b00000, 0x00000000a7b00000, 0x00000000a7c00000|  0%| F|  |TAMS 0x00000000a7b00000, 0x00000000a7b00000| Untracked 
| 636|0x00000000a7c00000, 0x00000000a7c00000, 0x00000000a7d00000|  0%| F|  |TAMS 0x00000000a7c00000, 0x00000000a7c00000| Untracked 
| 637|0x00000000a7d00000, 0x00000000a7d00000, 0x00000000a7e00000|  0%| F|  |TAMS 0x00000000a7d00000, 0x00000000a7d00000| Untracked 
| 638|0x00000000a7e00000, 0x00000000a7e00000, 0x00000000a7f00000|  0%| F|  |TAMS 0x00000000a7e00000, 0x00000000a7e00000| Untracked 
| 639|0x00000000a7f00000, 0x00000000a7f00000, 0x00000000a8000000|  0%| F|  |TAMS 0x00000000a7f00000, 0x00000000a7f00000| Untracked 
| 640|0x00000000a8000000, 0x00000000a8000000, 0x00000000a8100000|  0%| F|  |TAMS 0x00000000a8000000, 0x00000000a8000000| Untracked 
| 641|0x00000000a8100000, 0x00000000a8100000, 0x00000000a8200000|  0%| F|  |TAMS 0x00000000a8100000, 0x00000000a8100000| Untracked 
| 642|0x00000000a8200000, 0x00000000a8200000, 0x00000000a8300000|  0%| F|  |TAMS 0x00000000a8200000, 0x00000000a8200000| Untracked 
| 643|0x00000000a8300000, 0x00000000a8300000, 0x00000000a8400000|  0%| F|  |TAMS 0x00000000a8300000, 0x00000000a8300000| Untracked 
| 644|0x00000000a8400000, 0x00000000a8400000, 0x00000000a8500000|  0%| F|  |TAMS 0x00000000a8400000, 0x00000000a8400000| Untracked 
| 645|0x00000000a8500000, 0x00000000a8500000, 0x00000000a8600000|  0%| F|  |TAMS 0x00000000a8500000, 0x00000000a8500000| Untracked 
| 646|0x00000000a8600000, 0x00000000a8600000, 0x00000000a8700000|  0%| F|  |TAMS 0x00000000a8600000, 0x00000000a8600000| Untracked 
| 647|0x00000000a8700000, 0x00000000a8700000, 0x00000000a8800000|  0%| F|  |TAMS 0x00000000a8700000, 0x00000000a8700000| Untracked 
| 648|0x00000000a8800000, 0x00000000a8800000, 0x00000000a8900000|  0%| F|  |TAMS 0x00000000a8800000, 0x00000000a8800000| Untracked 
| 649|0x00000000a8900000, 0x00000000a8900000, 0x00000000a8a00000|  0%| F|  |TAMS 0x00000000a8900000, 0x00000000a8900000| Untracked 
| 650|0x00000000a8a00000, 0x00000000a8a00000, 0x00000000a8b00000|  0%| F|  |TAMS 0x00000000a8a00000, 0x00000000a8a00000| Untracked 
| 651|0x00000000a8b00000, 0x00000000a8b00000, 0x00000000a8c00000|  0%| F|  |TAMS 0x00000000a8b00000, 0x00000000a8b00000| Untracked 
| 652|0x00000000a8c00000, 0x00000000a8c00000, 0x00000000a8d00000|  0%| F|  |TAMS 0x00000000a8c00000, 0x00000000a8c00000| Untracked 
| 653|0x00000000a8d00000, 0x00000000a8d00000, 0x00000000a8e00000|  0%| F|  |TAMS 0x00000000a8d00000, 0x00000000a8d00000| Untracked 
| 654|0x00000000a8e00000, 0x00000000a8e00000, 0x00000000a8f00000|  0%| F|  |TAMS 0x00000000a8e00000, 0x00000000a8e00000| Untracked 
| 655|0x00000000a8f00000, 0x00000000a8f00000, 0x00000000a9000000|  0%| F|  |TAMS 0x00000000a8f00000, 0x00000000a8f00000| Untracked 
| 656|0x00000000a9000000, 0x00000000a9000000, 0x00000000a9100000|  0%| F|  |TAMS 0x00000000a9000000, 0x00000000a9000000| Untracked 
| 657|0x00000000a9100000, 0x00000000a9100000, 0x00000000a9200000|  0%| F|  |TAMS 0x00000000a9100000, 0x00000000a9100000| Untracked 
| 658|0x00000000a9200000, 0x00000000a9200000, 0x00000000a9300000|  0%| F|  |TAMS 0x00000000a9200000, 0x00000000a9200000| Untracked 
| 659|0x00000000a9300000, 0x00000000a9300000, 0x00000000a9400000|  0%| F|  |TAMS 0x00000000a9300000, 0x00000000a9300000| Untracked 
| 660|0x00000000a9400000, 0x00000000a9400000, 0x00000000a9500000|  0%| F|  |TAMS 0x00000000a9400000, 0x00000000a9400000| Untracked 
| 661|0x00000000a9500000, 0x00000000a9500000, 0x00000000a9600000|  0%| F|  |TAMS 0x00000000a9500000, 0x00000000a9500000| Untracked 
| 662|0x00000000a9600000, 0x00000000a9600000, 0x00000000a9700000|  0%| F|  |TAMS 0x00000000a9600000, 0x00000000a9600000| Untracked 
| 663|0x00000000a9700000, 0x00000000a9700000, 0x00000000a9800000|  0%| F|  |TAMS 0x00000000a9700000, 0x00000000a9700000| Untracked 
| 664|0x00000000a9800000, 0x00000000a9800000, 0x00000000a9900000|  0%| F|  |TAMS 0x00000000a9800000, 0x00000000a9800000| Untracked 
| 665|0x00000000a9900000, 0x00000000a9900000, 0x00000000a9a00000|  0%| F|  |TAMS 0x00000000a9900000, 0x00000000a9900000| Untracked 
| 666|0x00000000a9a00000, 0x00000000a9a00000, 0x00000000a9b00000|  0%| F|  |TAMS 0x00000000a9a00000, 0x00000000a9a00000| Untracked 
| 667|0x00000000a9b00000, 0x00000000a9b00000, 0x00000000a9c00000|  0%| F|  |TAMS 0x00000000a9b00000, 0x00000000a9b00000| Untracked 
| 668|0x00000000a9c00000, 0x00000000a9c00000, 0x00000000a9d00000|  0%| F|  |TAMS 0x00000000a9c00000, 0x00000000a9c00000| Untracked 
| 669|0x00000000a9d00000, 0x00000000a9d00000, 0x00000000a9e00000|  0%| F|  |TAMS 0x00000000a9d00000, 0x00000000a9d00000| Untracked 
| 670|0x00000000a9e00000, 0x00000000a9e00000, 0x00000000a9f00000|  0%| F|  |TAMS 0x00000000a9e00000, 0x00000000a9e00000| Untracked 
| 671|0x00000000a9f00000, 0x00000000a9f00000, 0x00000000aa000000|  0%| F|  |TAMS 0x00000000a9f00000, 0x00000000a9f00000| Untracked 
| 672|0x00000000aa000000, 0x00000000aa000000, 0x00000000aa100000|  0%| F|  |TAMS 0x00000000aa000000, 0x00000000aa000000| Untracked 
| 673|0x00000000aa100000, 0x00000000aa100000, 0x00000000aa200000|  0%| F|  |TAMS 0x00000000aa100000, 0x00000000aa100000| Untracked 
| 674|0x00000000aa200000, 0x00000000aa200000, 0x00000000aa300000|  0%| F|  |TAMS 0x00000000aa200000, 0x00000000aa200000| Untracked 
| 675|0x00000000aa300000, 0x00000000aa300000, 0x00000000aa400000|  0%| F|  |TAMS 0x00000000aa300000, 0x00000000aa300000| Untracked 
| 676|0x00000000aa400000, 0x00000000aa400000, 0x00000000aa500000|  0%| F|  |TAMS 0x00000000aa400000, 0x00000000aa400000| Untracked 
| 677|0x00000000aa500000, 0x00000000aa500000, 0x00000000aa600000|  0%| F|  |TAMS 0x00000000aa500000, 0x00000000aa500000| Untracked 
| 678|0x00000000aa600000, 0x00000000aa600000, 0x00000000aa700000|  0%| F|  |TAMS 0x00000000aa600000, 0x00000000aa600000| Untracked 
| 679|0x00000000aa700000, 0x00000000aa700000, 0x00000000aa800000|  0%| F|  |TAMS 0x00000000aa700000, 0x00000000aa700000| Untracked 
| 680|0x00000000aa800000, 0x00000000aa800000, 0x00000000aa900000|  0%| F|  |TAMS 0x00000000aa800000, 0x00000000aa800000| Untracked 
| 681|0x00000000aa900000, 0x00000000aa900000, 0x00000000aaa00000|  0%| F|  |TAMS 0x00000000aa900000, 0x00000000aa900000| Untracked 
| 682|0x00000000aaa00000, 0x00000000aaa00000, 0x00000000aab00000|  0%| F|  |TAMS 0x00000000aaa00000, 0x00000000aaa00000| Untracked 
| 683|0x00000000aab00000, 0x00000000aab00000, 0x00000000aac00000|  0%| F|  |TAMS 0x00000000aab00000, 0x00000000aab00000| Untracked 
| 684|0x00000000aac00000, 0x00000000aac00000, 0x00000000aad00000|  0%| F|  |TAMS 0x00000000aac00000, 0x00000000aac00000| Untracked 
| 685|0x00000000aad00000, 0x00000000aad00000, 0x00000000aae00000|  0%| F|  |TAMS 0x00000000aad00000, 0x00000000aad00000| Untracked 
| 686|0x00000000aae00000, 0x00000000aae00000, 0x00000000aaf00000|  0%| F|  |TAMS 0x00000000aae00000, 0x00000000aae00000| Untracked 
| 687|0x00000000aaf00000, 0x00000000aaf00000, 0x00000000ab000000|  0%| F|  |TAMS 0x00000000aaf00000, 0x00000000aaf00000| Untracked 
| 688|0x00000000ab000000, 0x00000000ab000000, 0x00000000ab100000|  0%| F|  |TAMS 0x00000000ab000000, 0x00000000ab000000| Untracked 
| 689|0x00000000ab100000, 0x00000000ab100000, 0x00000000ab200000|  0%| F|  |TAMS 0x00000000ab100000, 0x00000000ab100000| Untracked 
| 690|0x00000000ab200000, 0x00000000ab200000, 0x00000000ab300000|  0%| F|  |TAMS 0x00000000ab200000, 0x00000000ab200000| Untracked 
| 691|0x00000000ab300000, 0x00000000ab300000, 0x00000000ab400000|  0%| F|  |TAMS 0x00000000ab300000, 0x00000000ab300000| Untracked 
| 692|0x00000000ab400000, 0x00000000ab400000, 0x00000000ab500000|  0%| F|  |TAMS 0x00000000ab400000, 0x00000000ab400000| Untracked 
| 693|0x00000000ab500000, 0x00000000ab500000, 0x00000000ab600000|  0%| F|  |TAMS 0x00000000ab500000, 0x00000000ab500000| Untracked 
| 694|0x00000000ab600000, 0x00000000ab600000, 0x00000000ab700000|  0%| F|  |TAMS 0x00000000ab600000, 0x00000000ab600000| Untracked 
| 695|0x00000000ab700000, 0x00000000ab700000, 0x00000000ab800000|  0%| F|  |TAMS 0x00000000ab700000, 0x00000000ab700000| Untracked 
| 696|0x00000000ab800000, 0x00000000ab800000, 0x00000000ab900000|  0%| F|  |TAMS 0x00000000ab800000, 0x00000000ab800000| Untracked 
| 697|0x00000000ab900000, 0x00000000ab900000, 0x00000000aba00000|  0%| F|  |TAMS 0x00000000ab900000, 0x00000000ab900000| Untracked 
| 698|0x00000000aba00000, 0x00000000aba00000, 0x00000000abb00000|  0%| F|  |TAMS 0x00000000aba00000, 0x00000000aba00000| Untracked 
| 699|0x00000000abb00000, 0x00000000abb00000, 0x00000000abc00000|  0%| F|  |TAMS 0x00000000abb00000, 0x00000000abb00000| Untracked 
| 700|0x00000000abc00000, 0x00000000abc00000, 0x00000000abd00000|  0%| F|  |TAMS 0x00000000abc00000, 0x00000000abc00000| Untracked 
| 701|0x00000000abd00000, 0x00000000abd00000, 0x00000000abe00000|  0%| F|  |TAMS 0x00000000abd00000, 0x00000000abd00000| Untracked 
| 702|0x00000000abe00000, 0x00000000abe00000, 0x00000000abf00000|  0%| F|  |TAMS 0x00000000abe00000, 0x00000000abe00000| Untracked 
| 703|0x00000000abf00000, 0x00000000abf00000, 0x00000000ac000000|  0%| F|  |TAMS 0x00000000abf00000, 0x00000000abf00000| Untracked 
| 704|0x00000000ac000000, 0x00000000ac000000, 0x00000000ac100000|  0%| F|  |TAMS 0x00000000ac000000, 0x00000000ac000000| Untracked 
| 705|0x00000000ac100000, 0x00000000ac100000, 0x00000000ac200000|  0%| F|  |TAMS 0x00000000ac100000, 0x00000000ac100000| Untracked 
| 706|0x00000000ac200000, 0x00000000ac200000, 0x00000000ac300000|  0%| F|  |TAMS 0x00000000ac200000, 0x00000000ac200000| Untracked 
| 707|0x00000000ac300000, 0x00000000ac300000, 0x00000000ac400000|  0%| F|  |TAMS 0x00000000ac300000, 0x00000000ac300000| Untracked 
| 708|0x00000000ac400000, 0x00000000ac400000, 0x00000000ac500000|  0%| F|  |TAMS 0x00000000ac400000, 0x00000000ac400000| Untracked 
| 709|0x00000000ac500000, 0x00000000ac500000, 0x00000000ac600000|  0%| F|  |TAMS 0x00000000ac500000, 0x00000000ac500000| Untracked 
| 710|0x00000000ac600000, 0x00000000ac600000, 0x00000000ac700000|  0%| F|  |TAMS 0x00000000ac600000, 0x00000000ac600000| Untracked 
| 711|0x00000000ac700000, 0x00000000ac700000, 0x00000000ac800000|  0%| F|  |TAMS 0x00000000ac700000, 0x00000000ac700000| Untracked 
| 712|0x00000000ac800000, 0x00000000ac800000, 0x00000000ac900000|  0%| F|  |TAMS 0x00000000ac800000, 0x00000000ac800000| Untracked 
| 713|0x00000000ac900000, 0x00000000ac900000, 0x00000000aca00000|  0%| F|  |TAMS 0x00000000ac900000, 0x00000000ac900000| Untracked 
| 714|0x00000000aca00000, 0x00000000aca00000, 0x00000000acb00000|  0%| F|  |TAMS 0x00000000aca00000, 0x00000000aca00000| Untracked 
| 715|0x00000000acb00000, 0x00000000acb00000, 0x00000000acc00000|  0%| F|  |TAMS 0x00000000acb00000, 0x00000000acb00000| Untracked 
| 716|0x00000000acc00000, 0x00000000acc00000, 0x00000000acd00000|  0%| F|  |TAMS 0x00000000acc00000, 0x00000000acc00000| Untracked 
| 717|0x00000000acd00000, 0x00000000acd00000, 0x00000000ace00000|  0%| F|  |TAMS 0x00000000acd00000, 0x00000000acd00000| Untracked 
| 718|0x00000000ace00000, 0x00000000ace00000, 0x00000000acf00000|  0%| F|  |TAMS 0x00000000ace00000, 0x00000000ace00000| Untracked 
| 719|0x00000000acf00000, 0x00000000acf00000, 0x00000000ad000000|  0%| F|  |TAMS 0x00000000acf00000, 0x00000000acf00000| Untracked 
|2046|0x00000000ffe00000, 0x00000000ffe00000, 0x00000000fff00000|  0%| F|  |TAMS 0x00000000ffe00000, 0x00000000ffe00000| Untracked 
|2047|0x00000000fff00000, 0x00000000fff00000, 0x0000000100000000|  0%| F|  |TAMS 0x00000000fff00000, 0x00000000fff00000| Untracked 

Card table byte_map: [0x000002286c960000,0x000002286cd60000] _byte_map_base: 0x000002286c560000

Marking Bits (Prev, Next): (CMBitMap*) 0x0000022855106e50, (CMBitMap*) 0x0000022855106e10
 Prev Bits: [0x000002286f160000, 0x0000022871160000)
 Next Bits: [0x000002286d160000, 0x000002286f160000)

Polling page: 0x0000022853030000

Metaspace:

Usage:
  Non-class:    169.50 MB used.
      Class:     24.75 MB used.
       Both:    194.26 MB used.

Virtual space:
  Non-class space:      192.00 MB reserved,     172.00 MB ( 90%) committed,  3 nodes.
      Class space:      412.00 MB reserved,      27.12 MB (  7%) committed,  1 nodes.
             Both:      604.00 MB reserved,     199.12 MB ( 33%) committed. 

Chunk freelists:
   Non-Class:  5.47 MB
       Class:  2.24 MB
        Both:  7.72 MB

MaxMetaspaceSize: 512.00 MB
CompressedClassSpaceSize: 412.00 MB
Initial GC threshold: 21.00 MB
Current GC threshold: 331.88 MB
CDS: on
MetaspaceReclaimPolicy: balanced
 - commit_granule_bytes: 65536.
 - commit_granule_words: 8192.
 - virtual_space_node_default_size: 8388608.
 - enlarge_chunks_in_place: 1.
 - new_chunks_are_fully_committed: 0.
 - uncommit_free_chunks: 1.
 - use_allocation_guard: 0.


Internal statistics:

num_allocs_failed_limit: 15.
num_arena_births: 7168.
num_arena_deaths: 4372.
num_vsnodes_births: 4.
num_vsnodes_deaths: 0.
num_space_committed: 3209.
num_space_uncommitted: 19.
num_chunks_returned_to_freelist: 5491.
num_chunks_taken_from_freelist: 17509.
num_chunk_merges: 1718.
num_chunk_splits: 10608.
num_chunks_enlarged: 6798.
num_inconsistent_stats: 0.

CodeHeap 'non-profiled nmethods': size=120000Kb used=30895Kb max_used=30906Kb free=89104Kb
 bounds [0x0000022864ad0000, 0x0000022866900000, 0x000002286c000000]
CodeHeap 'profiled nmethods': size=120000Kb used=69378Kb max_used=69733Kb free=50621Kb
 bounds [0x000002285d000000, 0x0000022861430000, 0x0000022864530000]
CodeHeap 'non-nmethods': size=5760Kb used=2687Kb max_used=2754Kb free=3072Kb
 bounds [0x0000022864530000, 0x00000228647f0000, 0x0000022864ad0000]
 total_blobs=37114 nmethods=35939 adapters=1081
 compilation: enabled
              stopped_count=0, restarted_count=0
 full_count=0

Compilation events (20 events):
Event: 8839.868 Thread 0x0000022873dd5630 47891       3       java.util.AbstractList::indexOf (65 bytes)
Event: 8839.868 Thread 0x0000022873dd5630 nmethod 47891 0x000002285d8b3d90 code [0x000002285d8b3fe0, 0x000002285d8b4998]
Event: 8839.868 Thread 0x0000022873dd5630 47892       3       java.io.ObjectOutputStream::writeString (74 bytes)
Event: 8839.869 Thread 0x0000022873dd5630 nmethod 47892 0x000002285e7b7810 code [0x000002285e7b7a60, 0x000002285e7b8058]
Event: 8839.869 Thread 0x0000022873dd5630 47894       3       org.gradle.api.JavaVersion::isJava9Compatible (8 bytes)
Event: 8839.869 Thread 0x0000022873dd5630 nmethod 47894 0x000002285d0ff490 code [0x000002285d0ff640, 0x000002285d0ff848]
Event: 8839.869 Thread 0x0000022873dd5630 47893       3       org.gradle.internal.serialize.StackTraceElementPlaceholder::<init> (88 bytes)
Event: 8839.870 Thread 0x0000022873dd5630 nmethod 47893 0x000002285f2dab10 code [0x000002285f2dad80, 0x000002285f2db7d8]
Event: 8839.874 Thread 0x0000022873dd5630 47896       3       java.io.ObjectStreamClass$FieldReflector::getPrimFieldValues (317 bytes)
Event: 8839.875 Thread 0x0000022873dd5630 nmethod 47896 0x000002285d9e8610 code [0x000002285d9e88c0, 0x000002285d9e97f8]
Event: 8839.875 Thread 0x0000022873dd5630 47897       3       java.util.Collections$EmptyList::listIterator (4 bytes)
Event: 8839.875 Thread 0x0000022873dd5630 nmethod 47897 0x000002285e2fd490 code [0x000002285e2fd640, 0x000002285e2fd7b8]
Event: 8839.875 Thread 0x0000022873dd5630 47898       3       java.util.Collections::emptyListIterator (4 bytes)
Event: 8839.875 Thread 0x0000022873dd5630 nmethod 47898 0x000002285d1a4090 code [0x000002285d1a4220, 0x000002285d1a4318]
Event: 8839.879 Thread 0x0000022873dd5630 47899   !   3       org.gradle.internal.serialize.ExceptionReplacingObjectOutputStream$1::transform (15 bytes)
Event: 8839.880 Thread 0x0000022873dd5630 nmethod 47899 0x000002285f788190 code [0x000002285f7883a0, 0x000002285f788b38]
Event: 8839.880 Thread 0x0000022873dd5630 47901       3       java.io.ObjectOutputStream$BlockDataOutputStream::write (152 bytes)
Event: 8839.880 Thread 0x0000022873dd5630 nmethod 47901 0x0000022860ada290 code [0x0000022860ada4c0, 0x0000022860adacf8]
Event: 8839.880 Thread 0x0000022873dd5630 47900       3       org.gradle.internal.serialize.ExceptionReplacingObjectOutputStream::doReplaceObject (25 bytes)
Event: 8839.880 Thread 0x0000022873dd5630 nmethod 47900 0x000002285e6da690 code [0x000002285e6da880, 0x000002285e6dae68]

GC Heap History (20 events):
Event: 6486.181 GC heap after
{Heap after GC invocations=132 (full 0):
 garbage-first heap   total 739328K, used 359881K [0x0000000080000000, 0x0000000100000000)
  region size 1024K, 11 young (11264K), 11 survivors (11264K)
 Metaspace       used 198115K, committed 203904K, reserved 618496K
  class space    used 25427K, committed 27776K, reserved 421888K
}
Event: 6489.190 GC heap before
{Heap before GC invocations=133 (full 0):
 garbage-first heap   total 739328K, used 531913K [0x0000000080000000, 0x0000000100000000)
  region size 1024K, 180 young (184320K), 11 survivors (11264K)
 Metaspace       used 198189K, committed 203904K, reserved 618496K
  class space    used 25410K, committed 27776K, reserved 421888K
}
Event: 6489.273 GC heap after
{Heap after GC invocations=134 (full 0):
 garbage-first heap   total 739328K, used 387889K [0x0000000080000000, 0x0000000100000000)
  region size 1024K, 23 young (23552K), 23 survivors (23552K)
 Metaspace       used 198189K, committed 203904K, reserved 618496K
  class space    used 25410K, committed 27776K, reserved 421888K
}
Event: 6489.368 GC heap before
{Heap before GC invocations=134 (full 0):
 garbage-first heap   total 739328K, used 401201K [0x0000000080000000, 0x0000000100000000)
  region size 1024K, 36 young (36864K), 23 survivors (23552K)
 Metaspace       used 198191K, committed 203904K, reserved 618496K
  class space    used 25410K, committed 27776K, reserved 421888K
}
Event: 6489.453 GC heap after
{Heap after GC invocations=135 (full 0):
 garbage-first heap   total 739328K, used 377116K [0x0000000080000000, 0x0000000100000000)
  region size 1024K, 4 young (4096K), 4 survivors (4096K)
 Metaspace       used 198191K, committed 203904K, reserved 618496K
  class space    used 25410K, committed 27776K, reserved 421888K
}
Event: 6489.700 GC heap before
{Heap before GC invocations=135 (full 0):
 garbage-first heap   total 739328K, used 409884K [0x0000000080000000, 0x0000000100000000)
  region size 1024K, 36 young (36864K), 4 survivors (4096K)
 Metaspace       used 198213K, committed 203904K, reserved 618496K
  class space    used 25410K, committed 27776K, reserved 421888K
}
Event: 6489.711 GC heap after
{Heap after GC invocations=136 (full 0):
 garbage-first heap   total 739328K, used 379888K [0x0000000080000000, 0x0000000100000000)
  region size 1024K, 5 young (5120K), 5 survivors (5120K)
 Metaspace       used 198213K, committed 203904K, reserved 618496K
  class space    used 25410K, committed 27776K, reserved 421888K
}
Event: 6490.360 GC heap before
{Heap before GC invocations=136 (full 0):
 garbage-first heap   total 739328K, used 415728K [0x0000000080000000, 0x0000000100000000)
  region size 1024K, 42 young (43008K), 5 survivors (5120K)
 Metaspace       used 198310K, committed 203904K, reserved 618496K
  class space    used 25425K, committed 27776K, reserved 421888K
}
Event: 6490.372 GC heap after
{Heap after GC invocations=137 (full 0):
 garbage-first heap   total 739328K, used 383607K [0x0000000080000000, 0x0000000100000000)
  region size 1024K, 9 young (9216K), 9 survivors (9216K)
 Metaspace       used 198310K, committed 203904K, reserved 618496K
  class space    used 25425K, committed 27776K, reserved 421888K
}
Event: 6537.905 GC heap before
{Heap before GC invocations=138 (full 0):
 garbage-first heap   total 739328K, used 564855K [0x0000000080000000, 0x0000000100000000)
  region size 1024K, 200 young (204800K), 9 survivors (9216K)
 Metaspace       used 198674K, committed 203904K, reserved 618496K
  class space    used 25435K, committed 27776K, reserved 421888K
}
Event: 6537.921 GC heap after
{Heap after GC invocations=139 (full 0):
 garbage-first heap   total 739328K, used 354589K [0x0000000080000000, 0x0000000100000000)
  region size 1024K, 12 young (12288K), 12 survivors (12288K)
 Metaspace       used 198674K, committed 203904K, reserved 618496K
  class space    used 25435K, committed 27776K, reserved 421888K
}
Event: 7079.946 GC heap before
{Heap before GC invocations=139 (full 0):
 garbage-first heap   total 739328K, used 379165K [0x0000000080000000, 0x0000000100000000)
  region size 1024K, 36 young (36864K), 12 survivors (12288K)
 Metaspace       used 198674K, committed 203904K, reserved 618496K
  class space    used 25435K, committed 27776K, reserved 421888K
}
Event: 7080.101 GC heap after
{Heap after GC invocations=140 (full 0):
 garbage-first heap   total 739328K, used 310979K [0x0000000080000000, 0x0000000100000000)
  region size 1024K, 1 young (1024K), 1 survivors (1024K)
 Metaspace       used 198674K, committed 203904K, reserved 618496K
  class space    used 25435K, committed 27776K, reserved 421888K
}
Event: 8826.841 GC heap before
{Heap before GC invocations=140 (full 0):
 garbage-first heap   total 739328K, used 570051K [0x0000000080000000, 0x0000000100000000)
  region size 1024K, 255 young (261120K), 1 survivors (1024K)
 Metaspace       used 198974K, committed 203904K, reserved 618496K
  class space    used 25455K, committed 27776K, reserved 421888K
}
Event: 8826.958 GC heap after
{Heap after GC invocations=141 (full 0):
 garbage-first heap   total 739328K, used 337370K [0x0000000080000000, 0x0000000100000000)
  region size 1024K, 27 young (27648K), 27 survivors (27648K)
 Metaspace       used 198974K, committed 203904K, reserved 618496K
  class space    used 25455K, committed 27776K, reserved 421888K
}
Event: 8831.222 GC heap before
{Heap before GC invocations=142 (full 0):
 garbage-first heap   total 739328K, used 549338K [0x0000000080000000, 0x0000000100000000)
  region size 1024K, 262 young (268288K), 27 survivors (27648K)
 Metaspace       used 198407K, committed 203904K, reserved 618496K
  class space    used 25276K, committed 27776K, reserved 421888K
}
Event: 8831.355 GC heap after
{Heap after GC invocations=143 (full 0):
 garbage-first heap   total 739328K, used 346867K [0x0000000080000000, 0x0000000100000000)
  region size 1024K, 33 young (33792K), 33 survivors (33792K)
 Metaspace       used 198407K, committed 203904K, reserved 618496K
  class space    used 25276K, committed 27776K, reserved 421888K
}
Event: 8831.388 GC heap before
{Heap before GC invocations=143 (full 0):
 garbage-first heap   total 739328K, used 349939K [0x0000000080000000, 0x0000000100000000)
  region size 1024K, 36 young (36864K), 33 survivors (33792K)
 Metaspace       used 198407K, committed 203904K, reserved 618496K
  class space    used 25276K, committed 27776K, reserved 421888K
}
Event: 8831.575 GC heap after
{Heap after GC invocations=144 (full 0):
 garbage-first heap   total 739328K, used 305098K [0x0000000080000000, 0x0000000100000000)
  region size 1024K, 5 young (5120K), 5 survivors (5120K)
 Metaspace       used 198407K, committed 203904K, reserved 618496K
  class space    used 25276K, committed 27776K, reserved 421888K
}
Event: 8839.882 GC heap before
{Heap before GC invocations=144 (full 0):
 garbage-first heap   total 739328K, used 502730K [0x0000000080000000, 0x0000000100000000)
  region size 1024K, 200 young (204800K), 5 survivors (5120K)
 Metaspace       used 198917K, committed 203904K, reserved 618496K
  class space    used 25348K, committed 27776K, reserved 421888K
}

Dll operation events (16 events):
Event: 0.032 Loaded shared library C:\Program Files\Java\jdk-19\bin\java.dll
Event: 0.052 Loaded shared library C:\Program Files\Java\jdk-19\bin\jsvml.dll
Event: 0.168 Loaded shared library C:\Program Files\Java\jdk-19\bin\zip.dll
Event: 0.171 Loaded shared library C:\Program Files\Java\jdk-19\bin\instrument.dll
Event: 0.175 Loaded shared library C:\Program Files\Java\jdk-19\bin\net.dll
Event: 0.177 Loaded shared library C:\Program Files\Java\jdk-19\bin\nio.dll
Event: 0.180 Loaded shared library C:\Program Files\Java\jdk-19\bin\zip.dll
Event: 0.502 Loaded shared library C:\Program Files\Java\jdk-19\bin\jimage.dll
Event: 0.699 Loaded shared library C:\Program Files\Java\jdk-19\bin\verify.dll
Event: 0.821 Loaded shared library C:\Users\patil\.gradle\native\c067742578af261105cb4f569cf0c3c89f3d7b1fecec35dd04571415982c5e48\windows-amd64\native-platform.dll
Event: 0.845 Loaded shared library C:\Users\patil\.gradle\native\100fb08df4bc3b14c8652ba06237920a3bd2aa13389f12d3474272988ae205f9\windows-amd64\native-platform-file-events.dll
Event: 2.892 Loaded shared library C:\Program Files\Java\jdk-19\bin\management.dll
Event: 2.894 Loaded shared library C:\Program Files\Java\jdk-19\bin\management_ext.dll
Event: 3.124 Loaded shared library C:\Program Files\Java\jdk-19\bin\extnet.dll
Event: 3.499 Loaded shared library C:\Program Files\Java\jdk-19\bin\sunmscapi.dll
Event: 13.748 Loaded shared library C:\Program Files\Java\jdk-19\bin\rmi.dll

Deoptimization events (20 events):
Event: 8839.869 Thread 0x0000022878c11b90 Uncommon trap: trap_request=0xffffffc6 fr.pc=0x000002286649dd84 relative=0x0000000000000424
Event: 8839.869 Thread 0x0000022878c11b90 Uncommon trap: reason=bimorphic_or_optimized_type_check action=maybe_recompile pc=0x000002286649dd84 method=org.gradle.internal.classloader.ClassLoaderVisitor.visitParent(Ljava/lang/ClassLoader;)V @ 2 c2
Event: 8839.869 Thread 0x0000022878c11b90 DEOPT PACKING pc=0x000002286649dd84 sp=0x0000006e5d3fcfc0
Event: 8839.869 Thread 0x0000022878c11b90 DEOPT UNPACKING pc=0x0000022864596da3 sp=0x0000006e5d3fcf68 mode 2
Event: 8839.869 Thread 0x0000022878c11b90 Uncommon trap: trap_request=0xffffffc6 fr.pc=0x00000228655ce51c relative=0x000000000000083c
Event: 8839.869 Thread 0x0000022878c11b90 Uncommon trap: reason=bimorphic_or_optimized_type_check action=maybe_recompile pc=0x00000228655ce51c method=com.google.common.cache.LocalCache$Segment.get(Ljava/lang/Object;I)Ljava/lang/Object; @ 44 c2
Event: 8839.870 Thread 0x0000022878c11b90 DEOPT PACKING pc=0x00000228655ce51c sp=0x0000006e5d3fc7c0
Event: 8839.870 Thread 0x0000022878c11b90 DEOPT UNPACKING pc=0x0000022864596da3 sp=0x0000006e5d3fc788 mode 2
Event: 8839.870 Thread 0x0000022878c11b90 Uncommon trap: trap_request=0xffffffc6 fr.pc=0x0000022864c7368c relative=0x00000000000019cc
Event: 8839.870 Thread 0x0000022878c11b90 Uncommon trap: reason=bimorphic_or_optimized_type_check action=maybe_recompile pc=0x0000022864c7368c method=com.google.common.cache.LocalCache$Segment.setValue(Lcom/google/common/cache/ReferenceEntry;Ljava/lang/Object;Ljava/lang/Object;J)V @ 51 c2
Event: 8839.870 Thread 0x0000022878c11b90 DEOPT PACKING pc=0x0000022864c7368c sp=0x0000006e5d3fc9e0
Event: 8839.870 Thread 0x0000022878c11b90 DEOPT UNPACKING pc=0x0000022864596da3 sp=0x0000006e5d3fc8d8 mode 2
Event: 8839.870 Thread 0x0000022878c11b90 Uncommon trap: trap_request=0xffffffc6 fr.pc=0x0000022865016874 relative=0x00000000000007d4
Event: 8839.870 Thread 0x0000022878c11b90 Uncommon trap: reason=bimorphic_or_optimized_type_check action=maybe_recompile pc=0x0000022865016874 method=com.google.common.cache.LocalCache$Segment.setValue(Lcom/google/common/cache/ReferenceEntry;Ljava/lang/Object;Ljava/lang/Object;J)V @ 51 c2
Event: 8839.870 Thread 0x0000022878c11b90 DEOPT PACKING pc=0x0000022865016874 sp=0x0000006e5d3fcb50
Event: 8839.870 Thread 0x0000022878c11b90 DEOPT UNPACKING pc=0x0000022864596da3 sp=0x0000006e5d3fcb18 mode 2
Event: 8839.877 Thread 0x0000022878c11b90 Uncommon trap: trap_request=0xffffff45 fr.pc=0x0000022866056428 relative=0x0000000000000208
Event: 8839.877 Thread 0x0000022878c11b90 Uncommon trap: reason=unstable_if action=reinterpret pc=0x0000022866056428 method=java.io.ObjectOutputStream$BlockDataOutputStream.write([BIIZ)V @ 49 c2
Event: 8839.877 Thread 0x0000022878c11b90 DEOPT PACKING pc=0x0000022866056428 sp=0x0000006e5d3fbe00
Event: 8839.877 Thread 0x0000022878c11b90 DEOPT UNPACKING pc=0x0000022864596da3 sp=0x0000006e5d3fbda8 mode 2

Classes loaded (20 events):
Event: 4046.611 Loading class jdk/internal/math/FormattedFloatingDecimal
Event: 4046.667 Loading class jdk/internal/math/FormattedFloatingDecimal done
Event: 4046.669 Loading class jdk/internal/math/FormattedFloatingDecimal$1
Event: 4046.676 Loading class jdk/internal/math/FormattedFloatingDecimal$1 done
Event: 4046.705 Loading class jdk/internal/math/FormattedFloatingDecimal$2
Event: 4046.706 Loading class jdk/internal/math/FormattedFloatingDecimal$2 done
Event: 6487.209 Loading class sun/rmi/transport/ObjectTable$1
Event: 6487.217 Loading class sun/rmi/transport/ObjectTable$1 done
Event: 6490.530 Loading class com/sun/org/apache/xerces/internal/dom/DeferredElementNSImpl
Event: 6490.534 Loading class com/sun/org/apache/xerces/internal/dom/DeferredElementNSImpl done
Event: 6490.539 Loading class com/sun/org/apache/xerces/internal/dom/DeferredAttrNSImpl
Event: 6490.540 Loading class com/sun/org/apache/xerces/internal/dom/DeferredAttrNSImpl done
Event: 8838.545 Loading class java/lang/Throwable$WrappedPrintWriter
Event: 8838.547 Loading class java/lang/Throwable$PrintStreamOrWriter
Event: 8838.547 Loading class java/lang/Throwable$PrintStreamOrWriter done
Event: 8838.547 Loading class java/lang/Throwable$WrappedPrintWriter done
Event: 8838.656 Loading class java/lang/invoke/WrongMethodTypeException
Event: 8838.658 Loading class java/lang/invoke/WrongMethodTypeException done
Event: 8839.872 Loading class java/util/Collections$EmptyListIterator
Event: 8839.873 Loading class java/util/Collections$EmptyListIterator done

Classes unloaded (20 events):
Event: 8827.861 Thread 0x0000022873d9ff70 Unloading class 0x0000000801e0b000 'jdk/internal/reflect/GeneratedSerializationConstructorAccessor122'
Event: 8827.861 Thread 0x0000022873d9ff70 Unloading class 0x0000000801e0ac00 'jdk/internal/reflect/GeneratedSerializationConstructorAccessor121'
Event: 8827.861 Thread 0x0000022873d9ff70 Unloading class 0x0000000801e0a800 'jdk/internal/reflect/GeneratedSerializationConstructorAccessor120'
Event: 8827.861 Thread 0x0000022873d9ff70 Unloading class 0x0000000801e0a400 'jdk/internal/reflect/GeneratedSerializationConstructorAccessor119'
Event: 8827.861 Thread 0x0000022873d9ff70 Unloading class 0x0000000801e0a000 'jdk/internal/reflect/GeneratedSerializationConstructorAccessor118'
Event: 8827.861 Thread 0x0000022873d9ff70 Unloading class 0x0000000801e09c00 'jdk/internal/reflect/GeneratedSerializationConstructorAccessor117'
Event: 8827.861 Thread 0x0000022873d9ff70 Unloading class 0x0000000801e09800 'jdk/internal/reflect/GeneratedSerializationConstructorAccessor116'
Event: 8827.861 Thread 0x0000022873d9ff70 Unloading class 0x0000000801e09400 'jdk/internal/reflect/GeneratedSerializationConstructorAccessor115'
Event: 8827.861 Thread 0x0000022873d9ff70 Unloading class 0x0000000801e09000 'jdk/internal/reflect/GeneratedSerializationConstructorAccessor114'
Event: 8827.861 Thread 0x0000022873d9ff70 Unloading class 0x0000000801e08c00 'jdk/internal/reflect/GeneratedSerializationConstructorAccessor113'
Event: 8827.861 Thread 0x0000022873d9ff70 Unloading class 0x0000000801e08800 'jdk/internal/reflect/GeneratedSerializationConstructorAccessor112'
Event: 8827.861 Thread 0x0000022873d9ff70 Unloading class 0x0000000801e08400 'jdk/internal/reflect/GeneratedSerializationConstructorAccessor111'
Event: 8827.861 Thread 0x0000022873d9ff70 Unloading class 0x0000000801e08000 'jdk/internal/reflect/GeneratedSerializationConstructorAccessor110'
Event: 8827.861 Thread 0x0000022873d9ff70 Unloading class 0x0000000801c82000 'com/facebook/react/ReactSettingsExtension$autolinkLibrariesFromCommand'
Event: 8827.861 Thread 0x0000022873d9ff70 Unloading class 0x0000000801b58400 'jdk/internal/reflect/GeneratedSerializationConstructorAccessor58'
Event: 8827.861 Thread 0x0000022873d9ff70 Unloading class 0x0000000801b58000 'jdk/internal/reflect/GeneratedSerializationConstructorAccessor57'
Event: 8827.861 Thread 0x0000022873d9ff70 Unloading class 0x0000000801a39c00 'java/lang/invoke/LambdaForm$MH+0x0000000801a39c00'
Event: 8827.861 Thread 0x0000022873d9ff70 Unloading class 0x00000008019f8400 'jdk/internal/reflect/GeneratedSerializationConstructorAccessor43'
Event: 8827.861 Thread 0x0000022873d9ff70 Unloading class 0x0000000801505400 'java/lang/invoke/LambdaForm$MH+0x0000000801505400'
Event: 8827.862 Thread 0x0000022873d9ff70 Unloading class 0x000000080102d800 'java/lang/invoke/LambdaForm$MH+0x000000080102d800'

Classes redefined (0 events):
No events

Internal exceptions (20 events):
Event: 8833.168 Thread 0x000002287c869ab0 Exception <a 'sun/nio/fs/WindowsException'{0x00000000a51017d8}> (0x00000000a51017d8) 
thrown [s\open\src\hotspot\share\prims\jni.cpp, line 517]
Event: 8833.171 Thread 0x000002287c869ab0 Exception <a 'sun/nio/fs/WindowsException'{0x00000000a5138058}> (0x00000000a5138058) 
thrown [s\open\src\hotspot\share\prims\jni.cpp, line 517]
Event: 8833.175 Thread 0x000002287c865050 Exception <a 'sun/nio/fs/WindowsException'{0x00000000a5187d90}> (0x00000000a5187d90) 
thrown [s\open\src\hotspot\share\prims\jni.cpp, line 517]
Event: 8833.180 Thread 0x000002287c869010 Exception <a 'sun/nio/fs/WindowsException'{0x00000000a51dd890}> (0x00000000a51dd890) 
thrown [s\open\src\hotspot\share\prims\jni.cpp, line 517]
Event: 8833.184 Thread 0x000002287c869ab0 Exception <a 'sun/nio/fs/WindowsException'{0x00000000a5039250}> (0x00000000a5039250) 
thrown [s\open\src\hotspot\share\prims\jni.cpp, line 517]
Event: 8833.188 Thread 0x000002287c8625d0 Exception <a 'sun/nio/fs/WindowsException'{0x00000000a508ff88}> (0x00000000a508ff88) 
thrown [s\open\src\hotspot\share\prims\jni.cpp, line 517]
Event: 8833.193 Thread 0x000002287c86ca80 Exception <a 'sun/nio/fs/WindowsException'{0x00000000a50ecdb0}> (0x00000000a50ecdb0) 
thrown [s\open\src\hotspot\share\prims\jni.cpp, line 517]
Event: 8833.198 Thread 0x000002287c86ca80 Exception <a 'sun/nio/fs/WindowsException'{0x00000000a4f3e848}> (0x00000000a4f3e848) 
thrown [s\open\src\hotspot\share\prims\jni.cpp, line 517]
Event: 8833.203 Thread 0x000002287c866590 Exception <a 'sun/nio/fs/WindowsException'{0x00000000a4fa8fb0}> (0x00000000a4fa8fb0) 
thrown [s\open\src\hotspot\share\prims\jni.cpp, line 517]
Event: 8833.208 Thread 0x000002287c86ca80 Exception <a 'sun/nio/fs/WindowsException'{0x00000000a4ffe650}> (0x00000000a4ffe650) 
thrown [s\open\src\hotspot\share\prims\jni.cpp, line 517]
Event: 8833.213 Thread 0x000002287c869ab0 Exception <a 'sun/nio/fs/WindowsException'{0x00000000a4e54990}> (0x00000000a4e54990) 
thrown [s\open\src\hotspot\share\prims\jni.cpp, line 517]
Event: 8833.218 Thread 0x000002287c866590 Exception <a 'sun/nio/fs/WindowsException'{0x00000000a4ea9e98}> (0x00000000a4ea9e98) 
thrown [s\open\src\hotspot\share\prims\jni.cpp, line 517]
Event: 8833.222 Thread 0x000002287c86ca80 Exception <a 'sun/nio/fs/WindowsException'{0x00000000a4d06988}> (0x00000000a4d06988) 
thrown [s\open\src\hotspot\share\prims\jni.cpp, line 517]
Event: 8833.277 Thread 0x000002287c866590 Exception <a 'sun/nio/fs/WindowsException'{0x00000000a45ea488}> (0x00000000a45ea488) 
thrown [s\open\src\hotspot\share\prims\jni.cpp, line 517]
Event: 8833.283 Thread 0x000002287c86bfe0 Exception <a 'sun/nio/fs/WindowsException'{0x00000000a445bfe0}> (0x00000000a445bfe0) 
thrown [s\open\src\hotspot\share\prims\jni.cpp, line 517]
Event: 8833.293 Thread 0x000002287c86bfe0 Exception <a 'sun/nio/fs/WindowsException'{0x00000000a4300cd0}> (0x00000000a4300cd0) 
thrown [s\open\src\hotspot\share\prims\jni.cpp, line 517]
Event: 8833.295 Thread 0x000002287c869010 Exception <a 'sun/nio/fs/WindowsException'{0x00000000a431cf28}> (0x00000000a431cf28) 
thrown [s\open\src\hotspot\share\prims\jni.cpp, line 517]
Event: 8833.299 Thread 0x000002287c86bfe0 Exception <a 'sun/nio/fs/WindowsException'{0x00000000a4373e98}> (0x00000000a4373e98) 
thrown [s\open\src\hotspot\share\prims\jni.cpp, line 517]
Event: 8839.515 Thread 0x000002287b287810 Exception <a 'sun/nio/fs/WindowsException'{0x00000000a1c533f0}> (0x00000000a1c533f0) 
thrown [s\open\src\hotspot\share\prims\jni.cpp, line 517]
Event: 8839.531 Thread 0x0000022878c11b90 Exception <a 'java/lang/NoSuchMethodError'{0x00000000a1c35698}: 'void java.lang.invoke.DirectMethodHandle$Holder.invokeStatic(java.lang.Object, int, java.lang.Object)'> (0x00000000a1c35698) 
thrown [s\open\src\hotspot\share\interpreter\linkResolver.cpp, line 774]

VM Operations (20 events):
Event: 8831.356 Executing VM operation: G1CollectForAllocation done
Event: 8831.388 Executing VM operation: G1CollectForAllocation
Event: 8831.576 Executing VM operation: G1CollectForAllocation done
Event: 8832.589 Executing VM operation: Cleanup
Event: 8832.590 Executing VM operation: Cleanup done
Event: 8833.599 Executing VM operation: Cleanup
Event: 8833.599 Executing VM operation: Cleanup done
Event: 8838.888 Executing VM operation: HandshakeAllThreads
Event: 8838.890 Executing VM operation: HandshakeAllThreads done
Event: 8838.890 Executing VM operation: Cleanup
Event: 8838.890 Executing VM operation: Cleanup done
Event: 8839.539 Executing VM operation: HandshakeAllThreads
Event: 8839.539 Executing VM operation: HandshakeAllThreads done
Event: 8839.542 Executing VM operation: HandshakeAllThreads
Event: 8839.543 Executing VM operation: HandshakeAllThreads done
Event: 8839.826 Executing VM operation: HandshakeAllThreads
Event: 8839.827 Executing VM operation: HandshakeAllThreads done
Event: 8839.847 Executing VM operation: HandshakeAllThreads
Event: 8839.847 Executing VM operation: HandshakeAllThreads done
Event: 8839.881 Executing VM operation: G1TryInitiateConcMark

Events (20 events):
Event: 8839.796 Thread 0x0000022873dde770 flushing nmethod 0x0000022860493010
Event: 8839.796 Thread 0x0000022873dde770 flushing nmethod 0x00000228604b5390
Event: 8839.796 Thread 0x0000022873dde770 flushing nmethod 0x00000228604c3110
Event: 8839.797 Thread 0x0000022873dde770 flushing nmethod 0x0000022860529090
Event: 8839.800 Thread 0x0000022873dde770 flushing nmethod 0x00000228605f3a10
Event: 8839.801 Thread 0x0000022873dde770 flushing nmethod 0x00000228606e2e90
Event: 8839.806 Thread 0x0000022873dde770 flushing nmethod 0x000002286091a410
Event: 8839.807 Thread 0x0000022873dde770 flushing nmethod 0x0000022860998c90
Event: 8839.807 Thread 0x0000022873dde770 flushing nmethod 0x000002286099a710
Event: 8839.809 Thread 0x0000022873dde770 flushing nmethod 0x0000022860a8dd90
Event: 8839.810 Thread 0x0000022873dde770 flushing nmethod 0x0000022860aba210
Event: 8839.810 Thread 0x0000022873dde770 flushing nmethod 0x0000022860ad9690
Event: 8839.810 Thread 0x0000022873dde770 flushing nmethod 0x0000022860ada290
Event: 8839.810 Thread 0x0000022873dde770 flushing nmethod 0x0000022860ade990
Event: 8839.811 Thread 0x0000022873dde770 flushing nmethod 0x0000022860bfa190
Event: 8839.812 Thread 0x0000022873dde770 flushing nmethod 0x0000022860bfa710
Event: 8839.814 Thread 0x0000022873dde770 flushing nmethod 0x0000022860da4a90
Event: 8839.815 Thread 0x0000022873dde770 flushing nmethod 0x0000022860e64910
Event: 8839.816 Thread 0x0000022873dde770 flushing nmethod 0x0000022860eec410
Event: 8839.867 Thread 0x000002287a176110 Thread added: 0x000002287a176110


Dynamic libraries:
0x00007ff657720000 - 0x00007ff657730000 	C:\Program Files\Java\jdk-19\bin\java.exe
0x00007ff8e5e10000 - 0x00007ff8e6027000 	C:\windows\SYSTEM32\ntdll.dll
0x00007ff8e4a30000 - 0x00007ff8e4af4000 	C:\windows\System32\KERNEL32.DLL
0x00007ff8e3140000 - 0x00007ff8e3510000 	C:\windows\System32\KERNELBASE.dll
0x00007ff8e3770000 - 0x00007ff8e3881000 	C:\windows\System32\ucrtbase.dll
0x00007ff8657c0000 - 0x00007ff8657d8000 	C:\Program Files\Java\jdk-19\bin\jli.dll
0x00007ff8e3b00000 - 0x00007ff8e3bb1000 	C:\windows\System32\ADVAPI32.dll
0x00007ff8e59b0000 - 0x00007ff8e5a57000 	C:\windows\System32\msvcrt.dll
0x00007ff8e5d20000 - 0x00007ff8e5dc7000 	C:\windows\System32\sechost.dll
0x00007ff8e3890000 - 0x00007ff8e38b8000 	C:\windows\System32\bcrypt.dll
0x00007ff8e3bc0000 - 0x00007ff8e3cd4000 	C:\windows\System32\RPCRT4.dll
0x00007ff8e5b70000 - 0x00007ff8e5d1e000 	C:\windows\System32\USER32.dll
0x00007ff8e3740000 - 0x00007ff8e3766000 	C:\windows\System32\win32u.dll
0x00007ff8657a0000 - 0x00007ff8657bb000 	C:\Program Files\Java\jdk-19\bin\VCRUNTIME140.dll
0x00007ff8e4680000 - 0x00007ff8e46a9000 	C:\windows\System32\GDI32.dll
0x00007ff8e3940000 - 0x00007ff8e3a5b000 	C:\windows\System32\gdi32full.dll
0x00007ff8e3a60000 - 0x00007ff8e3afa000 	C:\windows\System32\msvcp_win.dll
0x00007ff8cb600000 - 0x00007ff8cb892000 	C:\windows\WinSxS\amd64_microsoft.windows.common-controls_6595b64144ccf1df_6.0.22621.4830_none_270fe7d773858e80\COMCTL32.dll
0x00007ff8dbde0000 - 0x00007ff8dbdea000 	C:\windows\SYSTEM32\VERSION.dll
0x00007ff8e46b0000 - 0x00007ff8e46e1000 	C:\windows\System32\IMM32.DLL
0x00007ff865790000 - 0x00007ff86579c000 	C:\Program Files\Java\jdk-19\bin\vcruntime140_1.dll
0x00007ff8655e0000 - 0x00007ff86566e000 	C:\Program Files\Java\jdk-19\bin\msvcp140.dll
0x00007ff8634c0000 - 0x00007ff864180000 	C:\Program Files\Java\jdk-19\bin\server\jvm.dll
0x00007ff8def20000 - 0x00007ff8def54000 	C:\windows\SYSTEM32\WINMM.dll
0x00007ff8655d0000 - 0x00007ff8655d9000 	C:\windows\SYSTEM32\WSOCK32.dll
0x00007ff8e5af0000 - 0x00007ff8e5b61000 	C:\windows\System32\WS2_32.dll
0x00007ff8e20c0000 - 0x00007ff8e20d8000 	C:\windows\SYSTEM32\kernel.appcore.dll
0x00007ff8655c0000 - 0x00007ff8655ca000 	C:\Program Files\Java\jdk-19\bin\jimage.dll
0x00007ff8d9b60000 - 0x00007ff8d9d92000 	C:\windows\SYSTEM32\DBGHELP.DLL
0x00007ff8e4240000 - 0x00007ff8e45d0000 	C:\windows\System32\combase.dll
0x00007ff8e4b60000 - 0x00007ff8e4c37000 	C:\windows\System32\OLEAUT32.dll
0x00007ff8d76f0000 - 0x00007ff8d7722000 	C:\windows\SYSTEM32\dbgcore.DLL
0x00007ff8e30c0000 - 0x00007ff8e313b000 	C:\windows\System32\bcryptPrimitives.dll
0x00007ff863350000 - 0x00007ff86335e000 	C:\Program Files\Java\jdk-19\bin\instrument.dll
0x00007ff865550000 - 0x00007ff865576000 	C:\Program Files\Java\jdk-19\bin\java.dll
0x00007ff865050000 - 0x00007ff865127000 	C:\Program Files\Java\jdk-19\bin\jsvml.dll
0x00007ff8e4d70000 - 0x00007ff8e55e8000 	C:\windows\System32\SHELL32.dll
0x00007ff8e0f80000 - 0x00007ff8e1890000 	C:\windows\SYSTEM32\windows.storage.dll
0x00007ff8e0e40000 - 0x00007ff8e0f7f000 	C:\windows\SYSTEM32\wintypes.dll
0x00007ff8e46f0000 - 0x00007ff8e47fa000 	C:\windows\System32\SHCORE.dll
0x00007ff8e41e0000 - 0x00007ff8e423e000 	C:\windows\System32\shlwapi.dll
0x00007ff8e2ff0000 - 0x00007ff8e301b000 	C:\windows\SYSTEM32\profapi.dll
0x00007ff865530000 - 0x00007ff865548000 	C:\Program Files\Java\jdk-19\bin\zip.dll
0x00007ff8655a0000 - 0x00007ff8655b3000 	C:\Program Files\Java\jdk-19\bin\net.dll
0x00007ff8def60000 - 0x00007ff8df08c000 	C:\windows\SYSTEM32\WINHTTP.dll
0x00007ff8e2540000 - 0x00007ff8e25a9000 	C:\windows\system32\mswsock.dll
0x00007ff865580000 - 0x00007ff865596000 	C:\Program Files\Java\jdk-19\bin\nio.dll
0x00007ff865040000 - 0x00007ff865050000 	C:\Program Files\Java\jdk-19\bin\verify.dll
0x00007ff863490000 - 0x00007ff8634b7000 	C:\Users\patil\.gradle\native\c067742578af261105cb4f569cf0c3c89f3d7b1fecec35dd04571415982c5e48\windows-amd64\native-platform.dll
0x00007ff863200000 - 0x00007ff863344000 	C:\Users\patil\.gradle\native\100fb08df4bc3b14c8652ba06237920a3bd2aa13389f12d3474272988ae205f9\windows-amd64\native-platform-file-events.dll
0x00007ff863470000 - 0x00007ff86347a000 	C:\Program Files\Java\jdk-19\bin\management.dll
0x00007ff863460000 - 0x00007ff86346b000 	C:\Program Files\Java\jdk-19\bin\management_ext.dll
0x00007ff8e5910000 - 0x00007ff8e5918000 	C:\windows\System32\PSAPI.DLL
0x00007ff8e2760000 - 0x00007ff8e277b000 	C:\windows\SYSTEM32\CRYPTSP.dll
0x00007ff8e2020000 - 0x00007ff8e2055000 	C:\windows\system32\rsaenh.dll
0x00007ff8e25e0000 - 0x00007ff8e2608000 	C:\windows\SYSTEM32\USERENV.dll
0x00007ff8e2780000 - 0x00007ff8e278c000 	C:\windows\SYSTEM32\CRYPTBASE.dll
0x00007ff8e1ae0000 - 0x00007ff8e1b0d000 	C:\windows\SYSTEM32\IPHLPAPI.DLL
0x00007ff8e5940000 - 0x00007ff8e5949000 	C:\windows\System32\NSI.dll
0x00007ff8df600000 - 0x00007ff8df619000 	C:\windows\SYSTEM32\dhcpcsvc6.DLL
0x00007ff8def00000 - 0x00007ff8def1f000 	C:\windows\SYSTEM32\dhcpcsvc.DLL
0x00007ff8e1b10000 - 0x00007ff8e1c12000 	C:\windows\SYSTEM32\DNSAPI.dll
0x00007ff863360000 - 0x00007ff863368000 	C:\Program Files\Java\jdk-19\bin\extnet.dll
0x00007ff8631f0000 - 0x00007ff8631fe000 	C:\Program Files\Java\jdk-19\bin\sunmscapi.dll
0x00007ff8e35d0000 - 0x00007ff8e3736000 	C:\windows\System32\CRYPT32.dll
0x00007ff8e2990000 - 0x00007ff8e29bd000 	C:\windows\SYSTEM32\ncrypt.dll
0x00007ff8e2950000 - 0x00007ff8e2987000 	C:\windows\SYSTEM32\NTASN1.dll
0x00007ff8631e0000 - 0x00007ff8631e8000 	C:\windows\system32\wshunix.dll
0x00007ff8b5420000 - 0x00007ff8b5437000 	C:\windows\system32\napinsp.dll
0x00007ff8b4050000 - 0x00007ff8b406b000 	C:\windows\system32\pnrpnsp.dll
0x00007ff8b4030000 - 0x00007ff8b4041000 	C:\windows\System32\winrnr.dll
0x00007ff8bf290000 - 0x00007ff8bf2a5000 	C:\windows\system32\wshbth.dll
0x00007ff8b4000000 - 0x00007ff8b4027000 	C:\windows\system32\nlansp_c.dll
0x00007ff8d8fe0000 - 0x00007ff8d8fea000 	C:\Windows\System32\rasadhlp.dll
0x00007ff8de8f0000 - 0x00007ff8de973000 	C:\windows\System32\fwpuclnt.dll
0x00007ff865c30000 - 0x00007ff865c37000 	C:\Program Files\Java\jdk-19\bin\rmi.dll
0x00007ff8e21d0000 - 0x00007ff8e2204000 	C:\windows\SYSTEM32\ntmarta.dll

dbghelp: loaded successfully - version: 4.0.5 - missing functions: none
symbol engine: initialized successfully - sym options: 0x614 - pdb path: .;C:\Program Files\Java\jdk-19\bin;C:\windows\SYSTEM32;C:\windows\WinSxS\amd64_microsoft.windows.common-controls_6595b64144ccf1df_6.0.22621.4830_none_270fe7d773858e80;C:\Program Files\Java\jdk-19\bin\server;C:\Users\patil\.gradle\native\c067742578af261105cb4f569cf0c3c89f3d7b1fecec35dd04571415982c5e48\windows-amd64;C:\Users\patil\.gradle\native\100fb08df4bc3b14c8652ba06237920a3bd2aa13389f12d3474272988ae205f9\windows-amd64

VM Arguments:
jvm_args: -XX:MaxMetaspaceSize=512m --add-opens=java.base/java.util=ALL-UNNAMED --add-opens=java.base/java.lang=ALL-UNNAMED --add-opens=java.base/java.lang.invoke=ALL-UNNAMED --add-opens=java.prefs/java.util.prefs=ALL-UNNAMED --add-exports=jdk.compiler/com.sun.tools.javac.api=ALL-UNNAMED --add-exports=jdk.compiler/com.sun.tools.javac.util=ALL-UNNAMED --add-opens=java.base/java.nio.charset=ALL-UNNAMED --add-opens=java.base/java.net=ALL-UNNAMED --add-opens=java.base/java.util.concurrent.atomic=ALL-UNNAMED -Xmx2048m -Dfile.encoding=UTF-8 -Duser.country=IN -Duser.language=en -Duser.variant -javaagent:C:\Users\patil\.gradle\wrapper\dists\gradle-8.10.2-all\7iv73wktx1xtkvlq19urqw1wm\gradle-8.10.2\lib\agents\gradle-instrumentation-agent-8.10.2.jar 
java_command: org.gradle.launcher.daemon.bootstrap.GradleDaemon 8.10.2
java_class_path (initial): C:\Users\patil\.gradle\wrapper\dists\gradle-8.10.2-all\7iv73wktx1xtkvlq19urqw1wm\gradle-8.10.2\lib\gradle-daemon-main-8.10.2.jar
Launcher Type: SUN_STANDARD

[Global flags]
     intx CICompilerCount                          = 4                                         {product} {ergonomic}
   size_t CompressedClassSpaceSize                 = 432013312                                 {product} {ergonomic}
     uint ConcGCThreads                            = 3                                         {product} {ergonomic}
     uint G1ConcRefinementThreads                  = 10                                        {product} {ergonomic}
   size_t G1HeapRegionSize                         = 1048576                                   {product} {ergonomic}
    uintx GCDrainStackTargetSize                   = 64                                        {product} {ergonomic}
   size_t InitialHeapSize                          = 123731968                                 {product} {ergonomic}
   size_t MarkStackSize                            = 4194304                                   {product} {ergonomic}
   size_t MaxHeapSize                              = 2147483648                                {product} {command line}
   size_t MaxMetaspaceSize                         = 536870912                                 {product} {command line}
   size_t MaxNewSize                               = 1287651328                                {product} {ergonomic}
   size_t MinHeapDeltaBytes                        = 1048576                                   {product} {ergonomic}
   size_t MinHeapSize                              = 8388608                                   {product} {ergonomic}
    uintx NonNMethodCodeHeapSize                   = 5839372                                {pd product} {ergonomic}
    uintx NonProfiledCodeHeapSize                  = 122909434                              {pd product} {ergonomic}
    uintx ProfiledCodeHeapSize                     = 122909434                              {pd product} {ergonomic}
    uintx ReservedCodeCacheSize                    = 251658240                              {pd product} {ergonomic}
     bool SegmentedCodeCache                       = true                                      {product} {ergonomic}
   size_t SoftMaxHeapSize                          = 2147483648                             {manageable} {ergonomic}
     bool UseCompressedClassPointers               = true                           {product lp64_product} {ergonomic}
     bool UseCompressedOops                        = true                           {product lp64_product} {ergonomic}
     bool UseG1GC                                  = true                                      {product} {ergonomic}
     bool UseLargePagesIndividualAllocation        = false                                  {pd product} {ergonomic}

Logging:
Log output configuration:
 #0: stdout all=warning uptime,level,tags foldmultilines=false
 #1: stderr all=off uptime,level,tags foldmultilines=false

Environment Variables:
JAVA_HOME=C:\Program Files\Java\jdk-19
CLASSPATH=C:\Users\patil\OneDrive\Desktop\Latest-Project\update\Lead\android\\gradle\wrapper\gradle-wrapper.jar
PATH=C:\Users\patil\OneDrive\Desktop\Latest-Project\update\Lead\node_modules\.bin;C:\Users\patil\OneDrive\Desktop\Latest-Project\update\Lead\node_modules\.bin;C:\Users\patil\OneDrive\Desktop\Latest-Project\update\node_modules\.bin;C:\Users\patil\OneDrive\Desktop\Latest-Project\node_modules\.bin;C:\Users\patil\OneDrive\Desktop\node_modules\.bin;C:\Users\patil\OneDrive\node_modules\.bin;C:\Users\patil\node_modules\.bin;C:\Users\node_modules\.bin;C:\node_modules\.bin;C:\Program Files\nodejs\node_modules\npm\node_modules\@npmcli\run-script\lib\node-gyp-bin;C:\Program Files\Common Files\Oracle\Java\javapath;C:\Program Files\Python311\Scripts\;C:\Program Files\Python311\;C:\windows\system32;C:\windows;C:\windows\System32\Wbem;C:\windows\System32\WindowsPowerShell\v1.0\;C:\windows\System32\OpenSSH\;C:\Program Files (x86)\NVIDIA Corporation\PhysX\Common;C:\Program Files\NVIDIA Corporation\NVIDIA NvDLISR;C:\Program Files (x86)\CodeBlocks\MinGW\bin;C:\Program Files\HP\HP One Agent;C:\ProgramData\Microsoft\Windows\Start Menu\Programs\Node.js;C:\Program Files\nodejs\;C:\ProgramData\chocolatey\bin;%LOCALAPPDATA%\Android\Sdk\platform-tools;C:\Program Files\Git\cmd;C:\Program Files\Git\bin;C:\Program Files\Java\jdk-19;C:\Program Files\MySQL\MySQL Shell 8.0\bin\;C:\Users\patil\AppData\Local\Microsoft\WindowsApps;C:\Users\patil\AppData\Local\Programs\Microsoft VS Code\bin;C:\Users\patil\AppData\Roaming\npm
USERNAME=patil
LANG=en_US.UTF-8
OS=Windows_NT
PROCESSOR_IDENTIFIER=AMD64 Family 25 Model 80 Stepping 0, AuthenticAMD
TMP=C:\Users\patil\AppData\Local\Temp
TEMP=C:\Users\patil\AppData\Local\Temp



---------------  S Y S T E M  ---------------

OS:
 Windows 11 , 64 bit Build 22621 (10.0.22621.4830)
OS uptime: 0 days 2:31 hours
Hyper-V role detected

CPU: total 12 (initial active 12) (12 cores per cpu, 2 threads per core) family 25 model 80 stepping 0 microcode 0x0, cx8, cmov, fxsr, ht, mmx, 3dnowpref, sse, sse2, sse3, ssse3, sse4a, sse4.1, sse4.2, popcnt, lzcnt, tsc, tscinvbit, avx, avx2, aes, erms, clmul, bmi1, bmi2, adx, sha, fma, vzeroupper, clflush, clflushopt, hv, rdtscp, rdpid, fsrm

Memory: 4k page, system-wide physical 7521M (519M free)
TotalPageFile size 31073M (AvailPageFile size 101M)
current process WorkingSet (physical memory assigned to process): 704M, peak: 1015M
current process commit charge ("private bytes"): 1354M, peak: 1885M

vm_info: Java HotSpot(TM) 64-Bit Server VM (19.0.2+7-44) for windows-amd64 JRE (19.0.2+7-44), built on 2022-11-30T18:02:09Z by "mach5one" with MS VC++ 17.1 (VS2022)

END.
